word_en;tag;word_cs;word_fi;word_el;word_pt;pos;frequency;definition_en;left_en;left_cs;left_fi;left_el;left_pt;right_en;right_cs;right_fi;right_el;right_pt;usage_en;usage_cs;usage_fi;usage_el;usage_pt
EXIF;Digital evidence;EXIF;EXIF-tiedot (digitaalisten kuvien metatiedot kuten kamera-asetukset ja aikaleimat);EXIF - Μορφή αρχείου εικόνας με δυνατότητα ανταλλαγής;EXIF (Dados EXIF);noun;1;EXIF (Exchangeable Image File Format) is a standardized metadata format embedded within digital image and audio files that records technical information about how, when, and where the file was created.;exchangeable;vyměnitelný;vaihdettava, vaihdettavissa oleva;ανταλλάξιμη;Partilhados;metadata;metadata;metadata, metatiedot;μεταδεδομένα;Dados Digitais - metadados;In cases where a suspect is believed to have taken indecent photographs of children, seizure of devices capable of taking digital photos could be useful not only for the data they store, but also to link these devices to previously identified indecent photographs by the examination of digital metadata (EXIF data). (procedural/instructive);V případech, kdy je podezřelý podezřelý z pořizování nemravných fotografií dětí, může být zabavení zařízení schopných pořizovat digitální fotografie užitečné nejen z důvodu dat, která jsou v nich uchovaná, ale také  s ohledem na propojení těchto zařízení s dříve identifikovanými nemravnými fotografiemi prostřednictvím zkoumání digitálních metadat (EXIF data). (procesní/instruktážní);Jos tutkittavana on epäily lapseen kohdistuvista seksuaalirikoksesta, on hyvä huomioida valokuvaukseen soveltuvien laitteiden takavarikointi niin laitteiden sisältämän datan kuin digitaalisen metadatan (EXIF-tiedot) vertaamiseksi jo aiemmin tunnistettuihin lasta seksuaalisesti esittäviin valokuviin. (menettelytapa/ohjeistava);Σε περιπτώσεις όπου υπάρχει υπόνοια ότι ένας ύποπτος έχει προβεί σε άσεμνες φωτογραφίσεις παιδιών, μπορεί να φανεί χρήσιμη η κατάσχεση συσκευών με δυνατότητα λήψης ψηφιακών φωτογραφιών. Χρήσιμη όχι μόνο για τα δεδομένα που είναι αποθηκευμένα σε αυτές, αλλά και για τη σύνδεση των συσκευών με προγενέστερα αναγνωρισμένες άσεμνες φωτογραφίες, μέσω της εξέτασης των ψηφιακών μεταδεδομένων (δεδομένα EXIF). (διαδικαστικό/επιμορφωτικό πλαίσιο);Em casos onde se suspeita que um suspeito tenha tirado fotografias indecentes de crianças, a apreensão de dispositivos capazes de tirar fotografias digitais pode ser útil não apenas pelos dados que armazenam, mas também para ligar esses dispositivos a fotografias indecentes previamente identificadas através do exame de metadados digitais (dados EXIF)
Digital data;Digital evidence;digitální data;Digitaalinen data, digitaalinen tieto, digitaaliset tiedot;Ψηφιακά δεδομένα;Dados Digitais;noun;3;Digital data constitutes potential evidence that must be identified, preserved, collected, and analysed according to strict procedural standards. Digital data ranges from user files and communications to system-generated information and metadata embedded within files.;targeting;zaměření se na;kohdennettava;στοχοποίηση;Alvo;archives;archívy;arkisto, arkistotietokanta;αρχεία;Arquivos;This refers to the use of a locked down, centrally configured off-the-shelf tool for the capture and preservation of digital data by frontline personnel, which is traditionally referred to as a kiosk. (legislative);Jedná se o použití uzamčeného, centrálně konfigurovaného standardního nástroje na zajištění a uchovávání digitálních dat pracovníky v první linii, který se tradičně označuje jako kiosek. (legislativní);Ensimmäisenä digitaalista todistetta käsittelevän henkilön tulee huomioida kaikki digitaalisiin tietoihin liittyvät tekijät digitaalisen todistusaineiston talteenotossa ja säilyttämisessä. (lainsäädännöllinen);Πρόκειται για τη χρήση ενός ασφαλούς, κεντρικά ρυθμιζόμενου, έτοιμου προς χρήση εργαλείου, με στόχο τη συλλογή και τη διαφύλαξη ψηφιακών δεδομένων από το προσωπικό που βρίσκεται στην πρώτη γραμμή. Το εργαλείο αυτό παραδοσιακά αναφέρεται ως περίπτερο-τερματικό αυτοεξυπηρέτησης. (νομοθετικό πλαίσιο);Refere-se ao uso de uma ferramenta comercial, configurada centralmente e com acesso restrito, para a captura e preservação de dados digitais por pessoal da linha de frente, tradicionalmente chamada de quiosque.
Digital investigation /digital investigations;Digital forensics method;digitální forenzní analýza;Digitaalinen tutkinta / digitaaliset tutkinnat;Ψηφιακή έρευνα /ψηφιακές έρευνες;Investigação digital /investigações digitais;noun;3;Digital investigation is the systematic process of detecting, examining, and analysing digital evidence from electronic devices and systems to support the detection and prosecution of crimes, investigation of incidents, and development of intelligence capabilities.;develop;vyvinout;kehitys;αναπτύσσω;Desenvolver;significantly;významně;;σημαντικά;Significativamente;A quality framework is also being developed for non-forensic aspects of digital investigations including triage technologies within the same timescale. (procedural/instructive);Ve stejném časovém horizontu se rovněž vyvíjí rámec kvality pro neforenzní aspekty digitálních vyšetřování, včetně technologií třídění. (procesní/instruktážní);Samassa aikataulussa laadunhallintaa kehitetään myös digitaalisten tutkintojen ei-forensisille osa-alueille, mukaan lukien seulontateknologiat. (menettelytapa/ohjeistava);Eντός του ίδιου χρονικού διαστήματος, αναπτύσσεται παράλληλα ένα περιβάλλον ελέγχου ποιότητας για μη εγκληματολογικές πτυχές, στο πλάισιο πάντα των ψηφιακών ερευνών, συμπεριλαμβανομένων και των τεχνολογιών διαλογής. (διαδικαστικό/επιμορφωτικό πλαίσιο);Um quadro de qualidade também está sendo desenvolvido para aspectos não forenses de investigações digitais, incluindo tecnologias de triagem, dentro do mesmo prazo.
Hard disk/hard drives/HDD;Digital evidence or digital equipment;pevný disk/pevné disky/HDD;Kovalevy, kiintolevy, HDD;Σκληρός δίσκος/σκληροί δίσκοι/HDD;Disco rígido / discos rígidos;noun;3;A hard disk or hard disk drive (HDD) is a physical data storage device that stores user files, system data, and application information, typically found internally within desktop computers, laptops, and other digital devices. These two terms are used interchangeably with the term ‘hard drive’.;conventional;konvenční;konventionaalinen, tavanomainen, tavallinen, sopimuksellinen;συμβατικός;;drive;jednotka;ajaa;δίσκος;Disco rígido;For example, the average hard disk is now larger than 200 gigabytes and this, if printed out on A4 paper, would be 10,000,000 pages long. (procedural/instructive);Například průměrný pevný disk má dnes kapacitu větší než 200 gigabajtů, což by při vytištění na papír formátu A4 představovalo 10 000 000 stran. (procedurální/instruktivní);Esimerkiksi nykyinen keskimääräinen kovalevy voi sisältää dataa yli 200 gigatavua. Tämä vastaisi noin 10 000 000 A4-sivua, jos tiedot tulostettaisiin paperille. (menettelytapa/ohjeistava);Ο μέσος σκληρός δίσκος για παράδειγμα, έχει πλέον χωρητικότητα μεγαλύτερη από 200 gigabyte και, αν εκτυπωνόταν σε χαρτί Α4, θα είχε μήκος 10.000.000 σελίδες. (διαδικαστικό/επιμορφωτικό πλαίσιο);Por exemplo, um disco rígido comum tem hoje mais de 200 gigabytes, se fosse impresso em papel A4, teria 10.000.000 de páginas.
Operating system – OS;Digital technology;operační system – OS;käyttöjärjestelmä;Λειτουργικό σύστημα - ΟS;Sistema operativo;noun;3;An operating system (OS) is the fundamental software that manages and controls a computer or digital device's hardware and software resources, processes and stores data, enables user interaction, and serves as a critical source of digital evidence by generating logs and metadata that record user actions and system events.;MacOS;MacOS;MacOs - Unix-käyttöjärjestelmä Macintosh-tietokoneissa;Λειτουργικό σύστημα Macintosh (MacOS);MacOS;JSON;JSON;JSON-tiedostomuoto;JSON - JavaScript Object Notation - μορφή αρχείου ανοιχτού προτύπου και ανταλλαγής δεδομένων;JSON;If replacement software (e.g. an operating system or application software) is implemented, the forensic unit shall ensure that procedures are established to retain access to any critical data reliant on the software that has been replaced. (legislative);Pokud je implementován náhradní software (např. operační systém nebo aplikační software), forenzní jednotka musí zajistit, aby byly zavedeny postupy pro zachování přístupu ke všem kritickým údajům, které jsou závislé na nahrazeném softwaru. (legislativní);Jos korvaava ohjelmisto (esim. käyttöjärjestelmä tai sovellusohjelmisto) otetaan käyttöön, forensiikkayksikön on varmistettava, että menettelytavat on luotu kriittisten tietojen säilyttämiseksi, mikäli ne ovat riippuvaisia korvatusta ohjelmistosta. (lainsäädännöllinen);Η μονάδα εγκληματολογικής έρευνας πρέπει να διασφαλίσει ότι έχουν οριστεί διαδικασίες για τη διατήρηση της πρόσβασης σε όλα τα ζωτικής σημασίας δεδομένα που εξαρτώνται από το λογισμικό που έχει αντικατασταθεί, σε περίπτωση που τεθεί σε εφαρμογή η διαδικασία αντικατάστασης λογισμικού (π.χ. ενός λειτουργικού συστήματος ή λογισμικού εφαρμογής). (νομοθετικό πλαίσιο);Caso seja implementado um software de substituição (por exemplo, um sistema operacional ou um aplicativo), o setor forense deverá garantir que sejam estabelecidos procedimentos para manter o acesso a quaisquer dados críticos que dependam do software substituído. (legislativo)
Database/databases;Digital evidence;database;tietokanta/tietokannat;Βάση δεδομένων/βάσεις δεδομένων;Base de Dados;noun;3;A database is a structured collection of information, typically in electronic format, that organizes and stores data in a systematic manner to enable searching, comparison, identification, and retrieval of records for investigative and evidential purposes.;elimination;eliminace;poistaminen;εξάλειψη;Eliminação;including;včetně;sisältää;συμπεριλαμβανομένης;Incluindo;Where the method relies on reference collections or databases, the nature, access and their availability should be described.  (legislative);Pokud se metoda opírá o referenční sbírky nebo databáze, je třeba popsat jejich povahu, přístup k nim a jejich dostupnost.  (legislativní);Jos menetelmä perustuu viitekokoelmiin tai tietokantoihin, niiden luonne, käyttöoikeudet ja saatavuus on kuvattava. (lainsäädännöllinen);Στην περίπτωση κατά την οποία η μέθοδος που εφαρμόζεται, βασίζεται σε συλλογές αναφοράς ή βάσεις δεδομένων, η φύση, η πρόσβαση και η διαθεσιμότητά των δεδομένων αυτών, θα πρέπει να περιγράφεται.  (νομοθετικό πλαίσιο);Quando o método depende de coleções de referência ou bases de dados, deve ser descrita a natureza, o acesso e a disponibilidade destas.
Encrypted;Digital evidence;šifrovaný;salattu;Κρυπτογραφημένο;Encriptado;adjective;2;Encrypted refers to data, files, devices, communications, or storage media that have been transformed using cryptographic algorithms into an unreadable format that cannot be accessed, interpreted, or retrieved without the appropriate key, password, or cryptographic method.;cracking;prolomení;tietomurto;«σπάσιμο»;Quebrando;drives;disků;ajurit;μονάδες δίσκου;Unidades;This is especially important if the suspect is a technically knowledgeable user who may be using encryption, as there may be no way to retrieve evidence stored in encrypted volumes once the power is lost. (procedural/instructive);To je obzvláště důležité, pokud je podezřelý technicky zdatný uživatel, který může používat šifrování, protože po výpadku napájení nemusí být možné získat důkazy uložené v šifrovaných svazcích. (procesní/instruktážní);Tämä on erityisen tärkeää, jos epäilty on teknisesti osaava käyttäjä, joka saattaa käyttää salausta, sillä salatuissa taltiotiloissa olevia todisteita ei välttämättä voida palauttaa, kun virta katkeaa. (menettelytapa/ohjeistava);Το σημείο αυτό παρουσιάζει ιδιαίτερο ενδιαφέρον αν ο ύποπτος διαθέτει τεχνικές γνώσεις, καθώς τότε είναι σε θέση να χρησιμοποιήσει ενδεχομένως τη μέθοδο της κρυπτογράφησης, με αποτέλεσμα να μην υπάρχει τρόπος ανάκτησης των αποδεικτικών στοιχείων που είναι αποθηκευμένα σε κρυπτογραφημένου τομείς, μετά την διακοπή της τροφοδοσίας. (διαδικαστικό/επιμορφωτικό πλαίσιο);Isso é especialmente importante se o suspeito for um utilizador com conhecimento técnico que possa estar a utilizar criptografia, pois pode não haver como recuperar as provas armazenadas em volumes criptografados após a perda de energia
Digital evidence;digital evidence;digitální důkaz/digitální důkazy;digitaalinen todiste;Ψηφιακά αποδεικτικά στοιχεία;Prova digital;noun;3;Digital evidence is information or data, stored or transmitted in digital form, that can be used to establish facts in criminal investigations or legal proceedings. It encompasses all forms of electronically stored information recovered from digital devices, systems, communications, and storage media.;collecting;zajišťování;keräävä;συλλέγοντας;recolha;reinforced;zesílené/ověřené;vahvistettu;ενισχυμένη;reforçada;Appropriately, this procedure will be used to hand over digital evidence to the forensic IT specialist to perform other forensic technical tasks, if they have not collected them himself. (legislative);Tento postup bude vhodně použit k předání digitálních důkazů forenznímu IT specialistovi za účelem provedení dalších forenzních technických úkolů, pokud je sám neshromáždil. (legislativní);Forensinen tutkija voi saada materiaalia tutkittavakseen myös taktisesta rikostutkinnasta sen lisäksi, mitä hän on jo mahdollisesti kerännyt itse. (lainsäädännöllinen);Κανονικά, η διαδικασία αυτή θα πραγματοποιείται για να παραδοθούν τα ψηφιακά πειστήρια στον ειδικό ψηφιακής εγκληματολογίας, προκειμένου να εκτελέσει αυτός επιπλέον εγκληματολογικές τεχνικές διεργασίες, σε περίπτωση που τα πειστήρια δεν έχουν συλλεχθεί από τον ίδιο. (νομοθετικό πλαίσιο);De forma apropriada, este procedimento será utilizado para entregar as provas digitais ao especialista forense em TI para que este execute outras tarefas técnicas forenses, caso ele próprio não as tenha recolhido.
Extract;Digital forensics method;extrahovat;purkaa, ottaa talteen;Εξάγω/εξαγωγή;Extrair;verb;1;Extract means to retrieve, recover, or obtain specific data, information, or images from digital devices, storage media, or systems, making the data accessible and usable for investigative, analytical, or evidential purposes.;from;z;jostakin;από;de;N/A;N/A;saatavissa/ei saatavissa;μη διαθέσιμο;N/A (não aplicável);When extracting data from a file system viewer, it is important to know exactly how it will interpret the file system being viewed. (procedural/instructive);Při extrahování dat z prohlížeče souborového systému je důležité přesně vědět, jak bude interpretovat prohlížený souborový systém. (procedurální/instruktivní);Datan taltioinnissa erilaisista tiedostojärjestelmistä, on tärkeää tietää tarkasti, miten ohjelma tulkitsee tarkasteltavan tiedostojärjestelmän. (menettelytapa/ohjeistava);Είναι σημαντικό να γνωρίζετε ακριβώς πώς θα γίνει η ερμηνεία ενός συστήματος αρχείων  που προβάλλεται, ειδικά  κατά την εξαγωγή δεδομένων από ένα πρόγραμμα προβολής τέτοιου συστήματος. (διαδικαστικό/επιμορφωτικό πλαίσιο);Ao extrair dados de um visualizador de sistema de arquivos, é importante saber exatamente como ele interpretará o sistema de arquivos que está a ser visualizado.
Brute force;Digital forensics method;hrubá síla;Brute force-hyökkäys;Ωμή βία;Força bruta;noun;1;Brute force is a cryptographic method that attempts to crack encryption or access password-protected accounts by systematically generating and testing all possible keys or password combinations.;N/A;N/A;saatavissa/ei saatavissa;μη διαθέσιμο;N/A (não aplicável);randomly;náhodně/namátkově;satunnaisesti;τυχαία;Aleatoriamente;An investigator may also try to crack the encryption or access the account by brute force.  (procedural/instructive);Vyšetřovatel se také může pokusit prolomit šifrování nebo získat přístup k účtu hrubou silou.  (procesní/instruktážní);Tutkija voi myös yrittää murtaa salauksen tai päästä jollekin käyttäjän tilille brute force-hyökkäyksen avulla. (menettelytapa/ohjeistava);Ένας ερευνητής μπορεί επίσης να προσπαθήσει να «σπάσει» την κρυπτογράφηση ή να αποκτήσει πρόσβαση στον λογαριασμό με τη μέθοδο της «ωμής βίας». (διαδικαστικό/επιμορφωτικό πλαίσιο);Um investigador também pode tentar quebrar a criptografia ou acessar a conta por meio de força bruta.
Virtual private network (VPN);Digital technology;virtuální privátní síť;virtuaalinen yksityisverkko (VPN);Εικονικό ιδιωτικό δίκτυο (VPN);Rede Virtual Privada (VPN);noun;2;Virtual Private Network (VPN) is communications software that creates secure, encrypted connections over networks, enabling individual users or companies to transmit data privately by establishing virtual connections between equipment or systems. In digital forensics, VPNs represent dual-use technology that serves both as legitimate corporate and personal privacy infrastructure and as a potential tool for concealing criminal activity.;VPN;VPN;VPN, virtuaalinen yksityisverkko;Εικονικό Ιδιωτικό Δίκτυο - VPN;VPN;WAN (wide area network);WAN (rozlehlá síť);ulkoverkko, WAN;WAN (δίκτυο ευρείας περιοχής);WAN (rede de longa distância);The cyber security and resilience focus broadly covers the following areas: network access control - controlling access and identify threat across wired, wireless and VPN network. (procedural/instructive);Oblast kybernetické bezpečnosti a odolnosti obecně zahrnuje následující oblasti: řízení přístupu k síti – řízení přístupu a identifikace hrozeb v kabelových, bezdrátových a VPN sítích. (procedurální/instruktážní);Kyberturvallisuuden ja resilienssin painopiste kattaa laajasti seuraavat osa-alueet: verkon käyttöoikeuksien hallinta – pääsyn hallinta ja uhkien tunnistaminen kiinteissä, langattomissa ja VPN-verkoissa. (menettelytapa/ohjeistava);Η έμφαση στην ασφάλεια στον κυβερνοχώρο και στην ανθεκτικότητα σε διαφορετικούς παράγοντες γενικότερα, συμπεριλαμβάνει τους ακόλουθους τομείς: έλεγχο πρόσβασης στο δίκτυο - έλεγχο πρόσβασης και αναγνώριση απειλών σε ενσύρματα, ασύρματα και VPN Εικονικά Ιδιωτικά Δίκτυα. (διαδικαστικό/επιμορφωτικό πλαίσιο);O suspeito teve acesso remoto aos sistemas através da rede corporativa e através de um acesso por VPN.
Cloud storage;Digital technology;cloudové úložiště;pilvipalvelu, pilvitallennustila;Aποθηκευτικός χώρος στο cloud ή νέφος;Armazenamento em nuvem;noun;3;Cloud storage is a type of data storage system where data is stored remotely on servers in an online environment, typically owned and managed by a hosting company, accessible from multiple devices by users through account credentials (username and password), rather than being stored locally on the user's physical device.;utilising;využití;hyödyntää;χρήση;utilização;accessed;accessed;pääsy;πρόσβαση;acedido;The data held within the cloud storage account is not held on a user's device unless the user downloads it or makes it available to view offline (a copy is then saved to the device). (procedural/instructive);Data uložená v cloudovém úložišti nejsou uchovávána na zařízení uživatele, pokud si je uživatel nestáhne nebo nezpřístupní pro offline prohlížení (v takovém případě se kopie uloží do zařízení). (procedurální/instruktážní);Pilvitallennustilillä oleva data ei ole käyttäjän laitteella, ellei käyttäjä lataa sitä tai tee sitä saataville offline-tilassa kopion tallentuessa laitteelle. (menettelytapa/ohjeistava);Τα δεδομένα που βρίσκονται στον αποθηκευτικό χώρο στο cloud ή νέφος, δεν αποθηκεύονται στη συσκευή του χρήστη, εκτός εάν ο χρήστης τα κατεβάσει ή τα καταστήσει διαθέσιμα για προβολή εκτός σύνδεσης (στην περίπτωση αυτή, αποθηκεύεται ένα αντίγραφο στη συσκευή). (διαδικαστικό/επιμορφωτικό πλαίσιο);Os dados armazenados na nuvem não são armazenados no dispositivo do utilizador, a menos que este os descarregue ou os disponibilize para visualização offline (nesse caso, é guardada uma cópia no dispositivo).
Cloud;Digital technology;cloud;pilvi;Νέφος;Nuvem;noun;2;Cloud refers to online access to shared computing resources, such as remote data storage, processing services, and applications, hosted on servers accessible via the internet from multiple devices rather than being stored or processed locally on a user's physical device.;leveraging;využití;vipuvoimainen;ενεργοποίηση;alavancagem;storage;úložiště;varasto, säilytystila;αποθήκευση;armazenamento;The primary reason why all UK police forces have introduced digital triage devices is  because of the proliferation of electronic devices and media within society, the complexities of digital convergence and cloud computing, and related to this the consequence of  investigative opportunities outstripping the current capacity of digital forensics analysts and  investigators. (procedural/instructive);Hlavním důvodem, proč všechny policejní složky ve Velké Británii zavedly digitální třídicí zařízení, je  rozšíření elektronických zařízení a médií ve společnosti, složitost digitální konvergence a cloud computingu a s tím související důsledek, že  objem materiálu ke zkoumání převyšuje současnou kapacitu digitálních forenzních analytiků a  vyšetřovatelů. (procesní/instruktivní);Yleisesti erilaisten elektronisten laitteiden ja medioiden yleistyessä yhteiskunnissa, lainvalvontaviranomaisten tutkintamahdollisuuksia on vahvistettu digitaalisin seulontalaitteiden, joilla voidaan pyrkiä vastaamaan digitaaliseen konvergenssiin (eri teknologisia hyötyjä yhdistävien ratkaisujen kehittymiseen uusiksi sovelluksiksi), pilvipalveluiden monimutkaistumiseen sekä ihmiskapasiteetin ylittäviin odotuksiin. (menettelytapa/ohjeistava);Η ευρύτερη εξάπλωση των ηλεκτρονικών συσκευών και μέσων στην κοινωνία αποτελεί τον κύριο λόγο για τον οποίο όλες οι αστυνομικές δυνάμεις του Ηνωμένου Βασιλείου έχουν εισαγάγει ψηφιακές συσκευές διαλογής. Επίσης, ένας εξίσου σημαντικός λόγος είναι η πολυπλοκότητα της ψηφιακής σύγκλισης και της νεφοϋπολογιστικής, δηλαδή της διαθεσιμότητας υπολογιστικών πόρων. Συνακόλουθη των παραπάνω είναι η συνέπεια σύμφωνα με την οποία οι ερευνητικές δυνατότητες υπερβαίνουν την τρέχουσα ικανότητα των ψηφιακών εγκληματολογικών αναλυτών και ερευνητών. (διαδικαστικό/επιμορφωτικό πλαίσιο);A principal razão pela qual todas as forças policiais  introduziram dispositivos de triagem digital é a proliferação de dispositivos e meios eletrónicos na sociedade, as complexidades da convergência digital e da computação em nuvem e, consequentemente, o facto de as oportunidades de investigação superarem a capacidade atual dos analistas e investigadores forenses digitais.
Digital forensics;Digital forensics method;digitální forenzní zkoumání;digitaali forensiikka, digitaalinen rikostekniikka, digitaalinen rikostutkinta;Ψηφιακή εγκληματολογία;Informática Forense;noun;3;Digital forensics encompasses the recovery, examination, and interpretation of data from computers, mobile phones, networks, and other digital storage media for use in criminal investigations and legal proceedings.;around;okolo/přibližně;ympärillä;γύρω από;Por volta de..;hubs;pracoviště;keskitin, keskusasema;κέντρα - κόμβοι;Hubs;We will dramatically extend the use of digital evidence in policing, with it becoming commonplace for digital forensics to be gathered from a full range of sources and devices. (procedural/instructive);Výrazně rozšíříme využívání digitálních důkazů v policejní práci, přičemž shromažďování digitálních forenzních důkazů z celé řady zdrojů a zařízení se stane běžnou praxí. (procesní/instruktivní);Digitaalinen rikostekniikka on vakiintunut osa poliisitoimintaa digitaalisen todistusaineiston keräämiseksi eri lähteistä ja laitteista. (menettelytapa/ohjeistava);Θα αυξήσουμε δραστικά  τη χρήση της ψηφιακής εγκληματολογίας στην αστυνομική έρευνα, με αποτέλεσμα να θεωρείται πλέον συνηθισμένη πρακτική η συλλογή ψηφιακών αποδεικτικών στοιχείων μέσα από ένα ευρύ φάσμα πηγών και συσκευών. (διαδικαστικό/επιμορφωτικό πλαίσιο);Vamos expandir drasticamente o uso de provas digitais na investigação criminal, tornando-se prática comum a recolha de dados de análise forense digital a partir de uma vasta gama de fontes e dispositivos
Cybercrime/cybercrimes;Crime type;kyberkriminalita;kyberrikos, kyberrikokset;Κυβερνοέγκλημα/κυβερνοεγκλήματα;Cibercrime;noun;3;Cybercrime involves criminal activities facilitated by digital technology and computer systems, such as fraud and ransomware attacks.;tactical;taktický;taktinen;στρατηγικός;Táctico;gateway;brána;yhdyskäytävä;πύλη εισόδου;Porta de acesso;The breakneck speed, scale and constantly evolving nature at which many cybercrimes now occur mean that it has never been more important for us to acquire systems and adopt processes that will enable us to sort through much more data, at pace, and respond effectively. (procedural/instructive);Vzhledem k závratné rychlosti, rozsahu a neustále se vyvíjející povaze mnoha kybernetických zločinů je pro nás nyní důležitější než kdy jindy pořídit systémy a zavést procesy, které nám umožní rychle třídit mnohem větší množství dat a účinně reagovat. (procedurální/instruktivní);Kyberrikosten nopea kehitys, laajuus ja jatkuvasti muuttuva luonne edellyttävät huomattavasti suurempien datamäärien nopeaan ja tehokkaaseen käsittelyyn soveltuvien järjestelmien ja prosessien käyttöönottoa. (menettelytapa/ohjeistava);Η ραγδαία ταχύτητα, η κλιμάκωση και η συνεχώς εξελισσόμενη φύση των εγκλημάτων στον κυβερνοχώρο καθιστούν πιο σημαντικό από ποτέ να αποκτήσουμε συστήματα και να υιοθετήσουμε διαδικασίες που θα μας επιτρέψουν να επεξεργαζόμαστε πολύ περισσότερα δεδομένα. Να τα εξετάζουμε με ταχύτητα αλλά και να ανταποκρινόμαστε αποτελεσματικά στις διάφορες απαιτήσεις της εποχής. (διαδικαστικό/επιμορφωτικό  πλαίσιο);A velocidade vertiginosa, a escala e a natureza em constante evolução com que muitos crimes cibernéticos ocorrem significa que é mais importante do que nunca adquirir sistemas e adotar processos que nos permitam analisar rapidamente um volume de dados muito maior e responder de forma eficaz.
Digital storage;Digital technology;digitální úložiště;digitaalinen varasto, säilytystila, tallennus;Ψηφιακός χώρος αποθήκευσης;Armazenamento digital;noun;3;Digital storage refer to devices or media on which digital data can be recorded, stored, and retrieved for potential use as evidence. Digital storage encompasses both physical storage devices and components, as well as remotely stored electronic data.;from;z;jostakin;από;de;media;média;media;μέσα ενημέρωσης;Ficheiros multimedia;When manipulating devices and digital storage or communication media that contain digital information, nothing must be changed, whether the hardware, software or any digital data contained therein. (procedural/instructive);Při manipulaci se zařízeními a digitálními úložišti nebo komunikačními médii, která obsahují digitální informace, nesmí být nic měněno, ať už se jedná o hardware, software nebo jakákoli digitální data v nich obsažená. (procedurální/instruktážní);Kun käsitellään laitteita ja digitaalista tallennusta tai viestintävälineitä, jotka sisältävät digitaalista tietoa, mitään ei saa muuttaa – ei laitteistoa, ohjelmistoa eikä mitään digitaalista dataa;Κατά τον χειρισμό συσκευών και ψηφιακού χώρου αποθήκευσης ή μέσων επικοινωνίας που περιέχουν ψηφιακές πληροφορίες, δεν πρέπει να τροποποιηθεί οποιοδήποτε στοιχείο, είτε πρόκειται για υλικό, για λογισμικό ή για ψηφιακά δεδομένα που περιέχονται στα μέσα αυτά. (διαδικαστικό/επιμορφωτικό πλαίσιο);Durante o manuseamento de dispositivos e de suportes de armazenamento ou de comunicação que alberguem informação digital, é imperativo que nenhuma alteração seja efetuada, quer ao nível do hardware, do software ou dos próprios dados digitais.
Metadata;Digital evidence;metadata;metatieto, metadata;Μεταδεδομένα;Metadados;noun;1;Metadata are data that provide information about the data, describing its characteristics, properties, context, and structure. In digital forensics, metadata serves as evidence for understanding the origin, history, and attributes of digital files and systems.;encoding;kódující/kódování/;koodaus;κωδικοποίηση;Codificação;EXIF (Exchangeable Image File Format);EXIF;EXIF-tiedostomuoto, EXIF-data;EXIF (Μορφή αρχείου ανταλλάξιμης εικόνας );EXIF EXIF (Μορφή αρχείου ανταλλάξιμης εικόνας);Appropriate hardware is required to extract the maximum amount of information in terms of image quality, audio tracks and associated metadata. (procedural/instructive);K získání maximálního množství informací, pokud jde o kvalitu obrazu, zvukové stopy a související metadata, je zapotřebí vhodný hardware. (procedurální/instruktážní);Kuvan laatuun ja ääniraitoihin liittyvien metatietojen taltioimiseen tarvitaan asianmukaiset laitteistot.;Απαιτείται κατάλληλος εξοπλισμός για την εξαγωγή του μέγιστου όγκου πληροφοριών όσον αφορά την ποιότητα της εικόνας, τα ηχητικά κομμάτια και τα σχετικά μεταδεδομένα. (διαδικαστικό/επιμορφωτικό πλαίσιο);É necessário hardware apropriado para extrair a quantidade máxima de informação em termos de qualidade de imagem, faixas de áudio e metadados associados.
Software;Digital technology;software;ohjelmisto;Λογισμικό;Software;noun;3;Software refers to the non-physical component of computing and electronic systems, encompassing programs, applications, operating systems, and code that control and enable the functionality of digital devices and equipment. Software can be used for forensic analysis, data processing, and evidence extraction.;replay;pro rekonstrukci průběhu;toisto, toistaa;αναπαραγωγή;Reproduzir novamente;used;užitý/použitý;käytetty;σε χρήση;Utilizado;The recommended method for copying a website is to visit the site and record the relevant pages using video capture software so there is a visible representation of how they look when visited at the time. (procedural/instructive);Doporučeným způsobem kopírování webových stránek je navštívit daný web a zaznamenat příslušné stránky pomocí softwaru pro nahrávání videa, aby bylo možné vidět, jak vypadají v okamžiku návštěvy. (procedurální/instruktážní);Verkkosivuston tiedot sivustolla vierailuhetkellä voi tallentaa esimerkiksi videolle.;Η ενδεδειγμένη μέθοδος για την αντιγραφή ενός ιστότοπου είναι να τον επισκεφθείτε και να καταγράψετε τις σχετικές σελίδες χρησιμοποιώντας λογισμικό εγγραφής βίντεο, ώστε να υπάρχει μια ορατή αναπαράσταση του πώς φαίνονται οι σελίδες αυτές όταν τις βλέπετε, την δεδομένη στιγμή. (διαδικαστικό/ επιμορφωτικό πλαίσιο);O método preconizado para a preservação de um website consiste em visitar o mesmo e efetuar uma gravação das páginas pertinentes com recurso a software de captura de vídeo, de forma a obter um registo visual do seu aspeto no momento da consulta.
Hardware;Digital equipment;hardware;laitteisto;Υλισμικό;Hardware;noun;3;Hardware is the physical equipment and components of computing and electronic systems, such as computers, peripherals, storage devices, and all tangible electronic equipment used in digital systems.;webserver;webový server;verkkopalvelin;διακομιστής ιστού;Servidor Web;oriented;orientovaný;suuntautunut, orientoitunut;απευθυνόμενος;Orientado;The ‘anti-malware system’ shall cover all compatible computers and hardware, unless specified operational requirements dictate otherwise. (procedural/instructive);“Antimalvarový system” musí pokrývat všechny kompatibilní počítače a hardware, pokud provozní požadavky nestanoví jinak. (procedurální/instruktážní);Kaikissa tietokoneissa ja laitteistoissa tulisi olla riittävät haittaohjelmien torjuntajärjestelmät. (menettelytapa/ohje);Το «σύστημα προστασίας από κακόβουλο λογισμικό» πρέπει να αφορά όλους τους συμβατούς υπολογιστές και τον αντίστοιχο εξοπλισμό - hardware, εκτός εάν ορίζονται διαφορετικά λειτουργικά κριτήρια. (διαδικαστικό/επιμορφωτικό πλαίσιο);O ‘sistema antimalware’ abrangerá todos os computadores e hardware compatíveis, salvo se requisitos operacionais específicos determinarem o oposto.
Internet address;Digital evidence;internetová adresa;Internet-osoite;Διαδικτυακή διεύθυνση [Σημασιολογική κατηγορία: Ψηφιακά αποδεικτικά;Endereço de internet;noun;1;Internet address is the full location identifier of a website, service, or resource on the internet, providing identifying information about online locations, such as websites hosting communications platforms or other internet-based services.;full;úplný;täysi;πλήρες;completo;N/A;N/A;ei saatavissa/ei käytettävissä;μη διαθέσιμο;N/A;Where an incident is reported which involves the use of chat the person taking the report needs to ascertain  what method of chat was being used, i.e. what is the name of the website hosting the chat and its full Internet address, or what program is being used.;V případě nahlášení incidentu, který souvisí s používáním chatu, musí osoba přijímající hlášení zjistit, jaký způsob chatu byl použit, tj. jak se jmenuje webová stránka, na které je chat hostován, jaká je její úplná internetová adresa nebo jaký program je používán.;Kun ilmoitetaan tapahtumasta, johon liittyy chatin käyttö, raportin vastaanottajan on selvitettävä, mitä chat-menetelmää käytettiin, eli mikä on chatin isännöivän verkkosivuston nimi ja sen täydellinen internet-osoite tai mikä ohjelma oli käytössä.;Όταν γίνεται αναφορά για ένα περιστατικό σχετικό με την χρήση συνομιλίας - chat, ο υπεύθυνος για την αναφορά πρέπει να εξακριβώσει ποια μέθοδος chat χρησιμοποιήθηκε, δηλαδή ποιο είναι το όνομα του ιστότοπου που φιλοξενεί το είδος αυτό της συνομιλίας και ποια είναι η πλήρης διεύθυνση του διαδικτύου του, ή ποιο πρόγραμμα επιλέχθηκε στην κάθε περίπτωση.;Na eventualidade de ser reportado um incidente envolvendo a utilização de chat, o responsável pelo registo da ocorrência deverá averiguar qual o método de conversação empregue, nomeadamente, o nome do website que aloja o chat e o respetivo endereço de Internet completo, ou, em alternativa, o programa utilizado.
PDF (Portable document format);Document format;PDF (přenosný formát dokumentu);PDF-tiedostomuoto, PDF;PDF (Portable document format-Φορητή Μορφή Εγγράφου);PDF;noun;1;PDF (Portable Document Format) is a file format used for presenting and exchanging forensic documents reliably, independent of software, hardware, or operating system.;saved;uložený;tallennettu;αποθηκευμένο;Guardado /salvo;format;formát;muoto, formaatti;μορφή;Formato;Should any discrepancy be identified between different formats in which the code is published then this should be considered an error and the published PDF version of the code should be considered the definitive version. (procedural/instructive);Pokud by byly zjištěny rozdíly mezi různými formáty, ve kterých je kód publikován, mělo by to být považováno za chybu a za definitivní verzi by měla být považována publikovaná verze kódu ve formátu PDF. (procedurální/instruktivní);Kaikki raportin ja esitutkinta-aineiston tiedot muutetaan valmistuessaan PDF-asiakirjoiksi, joissa tietojen oikeellisuus on tarkistettu.;Σε περίπτωση που διαπιστωθεί οποιαδήποτε απόκλιση μεταξύ των διαφορετικών μορφών δημοσίευσης του κώδικα, η απόκλιση αυτή θα πρέπει να θεωρηθεί σφάλμα και η δημοσιευμένη έκδοση του κώδικα σε μορφή PDF θα πρέπει να θεωρηθεί ως η οριστική έκδοση. (διαδικαστικό/επιμορφωτικό πλαίσιο);Na eventualidade de se identificar uma discrepância entre os diversos formatos de publicação do código, tal facto será considerado um erro, prevalecendo a versão publicada em PDF como a definitiva.
Password/passwords;Digital evidence;heslo/hesla;salasana/salasanat;Κωδικός πρόσβασης/κωδικοί πρόσβασης;Password /palavra chave - Passwords /palavras chave;noun;3;A password is a keyword, security code, or secret authentication credential used as a security measure by systems and applications to control access to devices, accounts, data, or protected resources. Passwords serve to verify user identity and restrict unauthorised access to digital systems and information.;username;uživatelské jméno;käyttäjänimi, käyttäjätunnus;όνομα χρήστη;username/ nome de utilizador;shared;sdílený;jaettu;κοινόχρηστος;partilhado;The system should be designed to protect the password in transit and at rest using appropriate encryption and hashing techniques. (legislative);Systém by měl být navržen tak, aby chránil heslo během přenosu i v klidu pomocí vhodných šifrovacích a hashových technik. (legislativní);Salasanat suojataan järjestelmissä asianmukaisin salaus- ja tiivistysmenetelmin.;Το σύστημα πρέπει να σχεδιαστεί με τέτοιο τρόπο ώστε να προστατεύει τον κωδικό πρόσβασης κατά τη μεταφορά και την αποθήκευση, χρησιμοποιώντας κατάλληλες τεχνικές κρυπτογράφησης και κατακερματισμού. (νομοθετικό πλαίσιο);O sistema deverá ser concebido para proteger a palavra-passe em trânsito e em repouso, utilizando técnicas de encriptação e de hashing apropriadas.
Forensic laboratory;Forensic infrastructure;forenzní laboratoř;rikostekninen laboratorio;Εγκληματολογικό εργαστήριο;Laboratório Forense;noun;2;Forensic laboratory is a specialized facility equipped with forensic tools and equipment for conducting forensic examinations, analyses, and investigations of evidence.;digital;digitální;digitaalinen;ψηφιακό;digital;work;práce;työ;λειτουργία;trabalho;All equipment used within a forensic laboratory will have a limited effective lifespan, which may be measured in weeks, months or years. (procedural/instructive);Veškeré vybavení používané ve forenzní laboratoři má omezenou životnost, která se může měřit v týdnech, měsících nebo letech. (procedurální/instruktážní);Kaikilla rikosteknisessä laboratoriossa käytettävillä laitteilla on rajallinen käyttöikä (viikko, kuukausi, vuosi).;Όλος ο εξοπλισμός που χρησιμοποιείται σε ένα εγκληματολογικό εργαστήριο έχει περιορισμένη διάρκεια ζωής, η οποία μπορεί να μετρηθεί σε εβδομάδες, μήνες ή χρόνια. (διαδικαστικό/επιμορφωτικό πλαίσιο);Todo o equipamento utilizado num laboratório forense terá um tempo de vida útil limitado, que pode ser medido em semanas, meses ou anos.
Forensic analysis;Digital forensics method;forenzní analýza;rikostekninen analyysi;Εγκληματολογική ανάλυση;Análise Forense;noun;1;Forensic analysis is the extraction, systematic processing, examination, and interpretation of evidence using scientific methods and specialised equipment to extract, evaluate, and present findings for investigative or legal purposes.;digital;digitální;digitaalinen;ψηφιακή;Digital;machines;zařízení;koneisto;μηχανήματα;Maquinas;There will always be occasions when a locally approved forensic tool is not capable of providing a specific function which is required to complete a forensic analysis. (procedural/instructive);Vždy se vyskytnou situace, kdy místně schválený forenzní nástroj není schopen poskytnout konkrétní funkci, která je nezbytná k dokončení forenzní analýzy. (procesní/instruktážní);Rikostekniikassa tulisi olla käytössä riittävästi hyväksytyt tai niiden vaihtoehtoiset työkalut, joiden avulla tarvittava rikostekninen analyysi voidaan suorittaa. Tukea voi saada tarvittaessa toisesta rikostutkimuskeskuksesta tai rikosteknisestä laboratoriosta.;Θα προκύπτουν πάντα περιπτώσεις όπου ένα τοπικά εγκεκριμένο εγκληματολογικό εργαλείο δεν θα είναι σε θέση να παρέχει μια συγκεκριμένη λειτουργία που απαιτείται για την ολοκλήρωσή της. (διαδικαστικό/επιμορφωτικό πλαίσιο);Surgirão sempre situações em que uma ferramenta forense, ainda que aprovada localmente, não dispõe da funcionalidade específica requerida para concluir uma determinada análise forense.
USB stick;Digital equipment;USB flash disk;muistitikku, USB-tikku;Μονάδα Μνήμης USB - αφαιρούμενο αποθηκευτικό μέσο;Pen USB;noun;1;A USB stick is a removable storage medium commonly used in digital forensic practice as a transport medium for data or to run information capture tools.;N/A;N/A;ei saatavissa/ei käytettävissä;μη διαθέσιμο;N/A;preferably;přednostně;mieluiten;κατά προτίμηση;Preferencialmente;A USB stick is generally most convenient, as the output of the tools can be written back to the stick. (procedural/instructive);USB flash disk je obecně nejvhodnější, protože výstup nástrojů lze zapsat zpět na disk. (procedurální/instruktážní);USB-muistitikku on yleensä kätevin vaihtoehto, koska työkalujen tuottama data voidaan kirjoittaa takaisin tikulle. (menettelytapa/ohje);Μια μονάδα μνήμης USB - στικάκι είναι κατά κανόνα το πιο εύχρηστο μέσο αποθήκευσης, καθώς τα αποτελέσματα των εργαλείων μπορούν να αποθηκευτούν ξανά στο στικάκι αυτό. (διαδικαστικό/επιμορφωτικό πλαίσιο);A utilização de uma pen USB é, regra geral, a mais prática, pois permite que os dados de saída das ferramentas sejam gravados de volta no próprio dispositivo.
Image;Digital evidence;obrázek/obrazový materiál;kuva;Εικόνα;Imagem;noun;3;An image is a digital photograph, video frame, and other pictorial content subject to forensic examination, including image capture, image processing, image enhancement, and image comparison.;indecent;nemravný;sopimaton, säädytön;άσεμνη;Indecente;capture;zachyti;tallentaa;λήψη;Captura;If practitioners are required undertake an enhancement task when an image is of too poor quality, it should be clearly marked as being potentially unreliable as evidence. (legislative);Pokud jsou odborníci povinni provést vylepšení obrazového materiálu který je příliš nekvalitní, mělo by být jasně označeno, že tento obrázek může být jako důkaz nespolehlivý. (legislativní);Jos asiantuntijoiden on käsiteltävä tai yritettävä parantaa kuvaa sen liian heikon laadun takia, voi kuva lopulta olla osoittautua asianmukaisista vertailuista ja/tai dokumentoinneista huolimatta heikoksi ja/tai epäluotettavaksi todisteeksi.;Εάν οι επαγγελματίες υποχρεωθούν να αναλάβουν την εργασία βελτίωσης ενός αντίγραφου ψηφιακών δεδομένων στην περίπτωση που η ποιότητά του είναι πολύ φτωχή, θα πρέπει να επισημανθεί με σαφήνεια ότι το αντίγραφο αυτό ενδέχεται να μην αποτελεί πια ένα αξιόπιστο αποδεικτικό στοιχείο. (νομοθετικό πλαίσιο);Sempre que um perito seja solicitado a executar uma tarefa de melhoramento sobre uma imagem de baixa qualidade, a mesma deverá ser inequivocamente identificada como potencialmente não fidedigna para efeitos de prova
Cyberattack/Cyber-attack;Crime type;kyberútok;kyberhyökkäys;Κυβερνοεπίθεση;Ciber ataque;noun;1;Cyberattack is a type of crime directed against computer systems, networks, or digital infrastructure with the intent to compromise, disrupt, or damage digital services and data.;both;jak … tak;molemmat, sekä;και οι δύο;Ambos;N/A;N/A;ei saatavissa/ei käytettävissä;μη διαθέσιμο;N/A;We have a responsibility to protect the service we provide from both cyber-attack and systemic vulnerabilities. (procedural/instructive);Máme povinnost chránit služby, které poskytujeme jak před kybernetickými útoky tak i před systémovými zranitelnostmi. (procedurální/instruktážní);Tietoteknisiä ratkaisuja ja tarjottuja palveluita tulee suojata erilaisilta haavoittuvuuksilta ja kyberhyökkäyksiltä. (menettelytapa/ohje);Έχουμε την υποχρέωση να διασφαλίζουμε την προστασία των υπηρεσιών που παρέχουμε τόσο από κυβερνοεπιθέσεις όσο και από συστημικές ευπάθειες. (διαδικαστικό/επιμορφωτικό πλαίσιο);Temos a responsabilidade de proteger o serviço que fornecemos tanto de ciberataques como de vulnerabilidades sistémicas.
Digital media;digital evidence;digitální media;digitaalinen media;Ψηφιακά μέσα;Meios digitais;noun;2;Digital media are various types of electronic storage devices and systems that contain digitally stored data and may be encountered during forensic investigations. Digital media include items such as CDs, DVDs, flash memory cards, cameras, closed-circuit television (CCTV) systems, and video surveillance systems (VSS).;seized;zajištěný;takavarikoitu;κατασχεμένα;Apreendido;SOP (standard operating procedure);SOP (standardní operační postup);vakioitu käytäntö (standard operating procedure);SOP (Τυπική Διαδικασία Λειτουργίας);Procedimento Operacional Padrão (SOP);There are many different types of digital media and end-user devices, which may be encountered  during a search of a crime scene, all of which have the potential to hold data which may be of value  to the investigation. (procedural/instructive);Existuje mnoho různých typů digitálních médií a koncových zařízení, se kterými se lze setkat  při ohledání místa činu a která mohou obsahovat data, která mohou být cenná pro vyšetřování. (procesní/instruktážní);Rikosepäilyä tutkittaessa on mahdollista löytää erilaisia digitaalisia medioita ja/tai laitteita, jotka potentiaalisesti saattavat sisältää tutkinnan kannalta mahdollisesti arvokasta tietoa. (menettelytapa/ohje);Υπάρχουν πολλοί διαφορετικοί τύποι ψηφιακών μέσων και συσκευών τελικών χρηστών οι οποίοι  μπορεί να εντοπιστούν κατά τη διάρκεια μιας έρευνας στον τόπο του εγκλήματος. Όλοι αυτοί οι τύποι έχουν τη δυνατότητα να αποθηκεύουν δεδομένα που ενδέχεται να είναι σημαντικά για την έρευνα. (διαδικαστικό/επιμορφωτικό πλαίσιο);Existe uma grande diversidade de meios digitais e de dispositivos de utilizador final com os quais um investigador se pode deparar durante a inspeção de um local de crime, sendo que todos eles são suscetíveis de conter dados valiosos para a investigação
JPG (Joint Photographic Experts Group);digital evidence;JPG (společná skupina odborníků na fotografii);JPG, JPEG-kuvatiedostomuoto;JPG (Κοινή Ομάδα Φωτογραφικών Εμπειρογνωμόνων);JPG;noun;1;JPG (Joint Photographic Experts Group) is a common digital image file format and compression method that may be encountered during forensic examination of images.;PNG (Portable Network Graphics);PNG (přenosná siťová grafika);PNG-kuvatiedostomuoto;PNG (Φορητά Γραφικά Δικτύου);PNG;N/A;N/A;ei saatavilla/ei käytettävissä;;N/A;Pictures - Gallery (png, jpg…);Obrázky – galerie (png, jpg, …);kuvat – kuvagalleria (png, jpg...);Εικόνες - Φωτογραφίες (png, jpg…);Imagens
Hash/Hashing;digital forensics method;hash/hashování;hash-arvo;Κατακερματισμός;Hash/Hashing - função de resumo criptográfico;noun;1;"Hashing is a cryptographic technique used to create digital fingerprints, known as hash values, which serve to verify the integrity and authenticity of digital evidence. Hash values are calculated for both original media and forensic images to ensure that copies remain completely unaltered; if the hash values are identical, the copies are certified to be exact duplicates.";imaged;forenzně zkopírovaný;jäljennetty;εικονιζόμενο;imagem;values;hodnoty;arvot;τιμές;valores;The system should be designed to protect the password in transit and at rest using appropriate encryption and hashing techniques. (legislative);Systém by měl být navržen tak, aby chránil heslo během přenosu i v klidu pomocí vhodných šifrovacích a hashových technik. (legislativní);Järjestelmän tulisi sisältää tietojen suojaamiseksi asianmukainen salasanalla suojattu salaustekniikka, esimerkiksi hajautusfunktio (hash function). (lainsäädäntö);Το σύστημα πρέπει να σχεδιαστεί κατά τέτοιον τρόπο, ώστε να διασφαλίζει την προστασία του κωδικού πρόσβασης κατά τη μεταφορά και την αποθήκευση των δεδομένων, χρησιμοποιώντας κατάλληλες τεχνικές κρυπτογράφησης και κατακερματισμού. (νομοθετικό πλαίσιο);O sistema deverá ser concebido para proteger a palavra-passe em trânsito e em repouso, utilizando técnicas de encriptação e de hashing apropriadas.
Computer;Digital equipment;počítač;tietokone;Υπολογιστής;Computador;noun;3;A computer includes desktop and laptop PCs and may encompass systems with embedded firmware that process, store, or transmit data or digital evidence.;local;místní;paikallinen, lokaali;τοπικός;Local;system;systém;järjestelmä;σύστημα;Sistema;On computers, the connection ports for peripherals (mouse, keyboard, monitor, etc.) and the connection ports for any digital storage medium must be sealed. (procedural/instructive);Na počítačích musí být připojovací porty pro periferní zařízení (myš, klávesnice, monitor, atd.) a připojovací porty pro jakékoli digitální paměťové medium zapečetěné. (procedurální/instruktážní);On tärkeää huomioida myös erilaiset tietokoneiden oheislaitteet, kuten hiiri, näppäimistö, monitori sekä muut mahdolliset digitaalisten tallennusvälineiden yhteysportit. (menettely/ohje);Οι θύρες σύνδεσης των περιφερειακών συσκευών (ποντίκι, πληκτρολόγιο, οθόνη κ.λπ.), στους υπολογιστές όπως και οι θύρες σύνδεσης οποιουδήποτε ψηφιακού μέσου αποθήκευσης, πρέπει να είναι σφραγισμένες. (διαδικαστικό/επιμορφωτικό πλαίσιο);Nas estações de trabalho, é imperativo que as portas de ligação, tanto as dos periféricos (rato, teclado, monitor, etc.) como as de qualquer suporte de armazenamento digital, se encontrem fisicamente seladas.
Memory cards;Digital equipment and digital evidence;paměťové karty;muistikortit;Κάρτες μνήμης;Cartões de memória;noun;3;Memory cards are removable digital storage media and used to store digital information such as images, sound, video, and other data that may be seized as evidence.;flash;flash;flash;κάρτα μνήμης flash-κάρτα αποθήκευσης;memória flash;chargers;nabíječky;lataukset;φορτιστές;Carregadores;Data held in mobile telephones can be stored in a number of places, including the SIM card, internal handset storage, or additional removable memory cards. (procedural/instructive);Data uložená v mobilních telefonech mohou být uložena na několika místech, včetně SIM karty, interní paměti telefonu nebo dalších vyměnitelných paměťových karet. (procedurální/instruktážní);Matkapuhelimen tietoja on mahdollista tallentaa SIM-korttiin, puhelimen sisäiseen muistiin tai helposti irrotettaviin, siirrettäviin tallennusvälineisiin. (menettely/ohje);Τα δεδομένα που αποθηκεύονται σε κινητά τηλέφωνα μπορούν να φυλαχθούν σε διάφορα σημεία, όπως ενδεχομένως στην κάρτα SIM, σε εσωτερική μνήμη του κινητού ή σε πρόσθετες αλλά αποσπώμενες κάρτες μνήμης. (διαδικαστικό/επιμορφωτικό πλαίσιο);Os dados de um telemóvel podem ser guardados em vários sítios, como no cartão SIM, na memória interna do equipamento ou em cartões de memória externos.
Digital fingerprint;Digital forensics method;digitální otisk;digitaalinen tunnistetieto, digitaalinen sormenjälki;Ψηφιακό αποτύπωμα;Impressão digital digital/ impressão digital;noun;1;A digital fingerprint is a unique hash value that serves as an identifier for the verification of digital data.;unaltered;nepozměněný;muuttumaton;αμετάβλητο;inalterado;known;známý;tiedetty, tunnettu;γνωστό;conhecido;Digital fingerprints, known as hash values, were calculated for both the originals and the forensic images. (procedural/instructive);Digitální otisky, známé jako hash hodnoty, byly vypočítány jak pro originály, tak pro forenzní (bitové) kopie. (procedurální/instruktivní);Hash-arvo (digitaalinen tunnistetieto, digitaalinen sormenjälki) voidaan määritellä kaikille valokuville. (menettely/ohje);Υπολογίστηκαν τα ψηφιακά αποτυπώματα, γνωστά και ως τιμές κατακερματισμού, για τα πρωτότυπα και τα ψηφιακά εγκληματολογικά αντίγραφα. (διαδικαστικό/επιμορφωτικό πλαίσιο);Foram calculadas as impressões digitais digitais, conhecidas como valores de hash, tanto para os originais como para as imagens forenses
Extraction;digital forensics method;extrakce;tiedostojen jäljentäminen/purkaminen;Εξαγωγή;Extração;noun;3;Extraction is the process of recovering and obtaining data or material from digital devices, storage media, or systems for forensic examination.;routine;rutina/rutinní;rutiini;συνήθης διαδικασία;Rotina;MPE (mobile phone extraction);MPE;matkapuhelimen jäljentäminen;MPE (εξαγωγή δεδομένων από κινητό τηλέφωνο);MPE (extração de dados de telemóvel);It is important to ensure that an appropriately comprehensive and accurate extraction of data from the digital device in question is achieved, whilst maintaining the integrity of the evidential chain. (procedural/instructive);Je důležité zajistit, aby bylo dosaženo dostatečně komplexního a přesného získání dat z daného digitálního zařízení při zachování integrity důkazního řetězce. (procesní/instruktážní);Digitaalisen laitteen käsittelyssä on tärkeää säilyttää näyteketjun eheys ja varmistaa riittävän kattava ja tarkka tietojen kerääminen. (menettely/ohje);Είναι σημαντικό να διασφαλιστεί η κατάλληλη, ολοκληρωμένη και ακριβής εξαγωγή δεδομένων από την εν λόγω ψηφιακή συσκευή, διατηρώντας παράλληλα την ακεραιότητα της αλυσίδας αποδεικτικών στοιχείων. (διαδικαστικό/επιμορφωτικό πλαίσιο);É importante garantir que se obtém uma extração de dados apropriadamente abrangente e precisa do dispositivo digital em questão, mantendo ao mesmo tempo a integridade da cadeia de custódia.
Device/devices;digital equipment;zařízení;laite/laitteet;Συσκευή/συσκευές;Dispositivos;noun;3;A device encompasses a wide range of digital equipment including computers, mobile phones, smartphones, tablets, laptops, USB sticks, digital cameras, satellite navigation systems, smart devices, gaming consoles, storage media, and other devices, which may be seized as evidence during forensic investigations.;digital;digitální;digitaalinen;ψηφιακή;digital;belonged;patřil;lukeutuva, kuuluva;ανήκουν σε...;pertence a...;Processing data can take a long time, and increases in data storage and in the number of devices associated with crimes have led to increased pressure on forensic services. (procedural/instructive);Zpracování dat může trvat dlouhou dobu, přičemž nárůst objemu datových úložišť a počtu zařízení spojených s trestnými činy vede ke zvýšenému tlaku na forenzní služby. (procesní/instruktivní);Laitteiden tietotekniseen tutkintaan kohdistuva paine on kasvanut, koska rikoksiin liittyvien laitteiden määrä on lisääntynyt ja tiedontallennus sekä tiedonkäsittely voivat kestää kauan. (menettely/ohje);Η επεξεργασία των δεδομένων μπορεί να απαιτήσει πολύ χρόνο, ενώ παράλληλα, η αύξηση του όγκου των αποθηκευμένων δεδομένων και του αριθμού των συσκευών που εμπλέκονται σε εγκλήματα έχει συμβάλει στην αύξηση της πίεσης που ασκείται στις υπηρεσίες εγκληματολογικής έρευνας. (διαδικαστικό/επιμορφωτικό πλαίσιο);O processamento de dados pode demorar muito tempo, e o aumento no armazenamento de dados e no número de dispositivos associados a crimes levou a uma pressão acrescida sobre os serviços forenses
Digital information;digital evidence;digitální informace;digitaalinen tieto, digitaalinen informaatio;Ψηφιακές πληροφορίες;informação digital;noun;2;Digital information is all forms of electronic data that may be preserved as digital evidence, including data stored on tangible media, communications transmitted through networks, telephone records, computer log files, and other electronically recorded material.;storing;uložení;täyttää, varastoida, tallentaa;αποθήκευση;Armazenar;remains;zůstává/zbytky;jäänne;παραμένουν;permanece;All those involved in preservation and collection must have adequate training in the area of preservation and collection of equipment and means of supporting digital information. (procedural/instructive);Všichni, kdo se podílejí na uchovávání a zajišťování dat, musí mít odpovídající školení v oblasti uchování a zajištění zařízení a prostředky pro podporu digitálních informací. (procedurální/instruktážní);Jokaisella tulee olla riittävä koulutus siihen, kuinka digitaalinen tieto säilytetään ja kerätään sekä osaamista hallita erilaisia välineitä ja keinoja. (menettely/ohje);Όλοι όσοι εμπλέκονται στη διατήρηση και συλλογή δεδομένων πρέπει να έχουν λάβει επαρκή εκπαίδευση στους δύο τομείς, αυτούς του εξοπλισμού και των μέσων υποστήριξης ψηφιακών πληροφοριών. (διαδικαστικό/επιμορφωτικό πλαίσιο);Todos os envolvidos na preservação e recolha devem ter formação adequada na área da preservação e recolha de equipamentos e de meios de suporte de informação digital.
Cyber;Digital technology;kyber;kyber;Κυβερνο-…  ;Ciber;adjective;3;Cyber is a term relating to computer systems, networks, digital technology, and the online environment in which digital crimes and security threats occur.;national;národní;kansallinen;εθνικός;Nacional;kiosk;kiosek;-;περίπτερο-τερματικό αυτοεξυπηρέτησης;Quiosque;Online theft of a bank card or bank account details was the type of cyber fraud and computer misuse reported by most victims (74%). (procedural/instructive);Online krádež bankovní karty nebo údajů o bankovním účtu byla typem kybernetického podvodu a zneužití počítače nahlášených většinou obětí (74 %). (procesní/instruktivní);Verkossa tapahtunut asianomistajan (uhrin) pankkikortin tai tilitietojen anastaminen, on yksi yleisemmistä tietoverkossa ja/tai tietoverkon avustuksella tehdyistä rikosepäillyistä. (menettely/ohje);Η διαδικτυακή κλοπή στοιχείων τραπεζικής κάρτας ή τραπεζικού λογαριασμού, ήταν ο τύπος ηλεκτρονικής απάτης - κυβερνοαπάτης - και κακόβουλης χρήσης υπολογιστή που αναφέρθηκε από τα περισσότερα θύματα (74%). (διαδικαστικό/επιμορφωτικό πλαίσιο);O roubo online de dados de um cartão bancário ou de uma conta bancária foi o tipo de fraude informática e de uso indevido de computador reportado pela maioria das vítimas (74%).
Authentication;Digital forensics method;ověření;todennus, todentaminen;Αυθεντικοποίηση;Autenticação;noun;1;Authentication is the process of verifying the identity of users, the validity of data, or the integrity of digital evidence.;two-/multi-factor;dvou/vícefaktorový;kaksi-/monivarmenne;δύο-/πολυπαραγοντικός;autenticação multifator;failures;selhání;epäonnistuneet;αποτυχίες;Falhas;Users with administrative rights shall use multi-factor authentication (such as second factor or two-factor authentication. (legislative);Uživatelé s administrátorskými právy musí používat vícefaktorové ověření (například druhé ověření nebo dvoufaktorové ověření). (legislativní);Järjestelmänvalvojaoikeuksien käyttö edellyttää monitekijätodennusta (Multi-Factor Authentication, MFA) tai esimerkiksi kaksitekijätodennusta (Two-Factor Authentication, 2FA). (lainsäädäntö);Οι χρήστες με δικαιώματα διαχειριστή πρέπει να εφαρμόζουν την διαδικασία αυθεντικοποίησης  πολλαπλών παραγόντων (όπως αυθεντικοποίηση  δεύτερου παράγοντα ή δύο παραγόντων). (νομοθετικό πλαίσιο);É obrigatória a utilização de autenticação multifator por parte dos utilizadores com privilégios administrativos, recorrendo, no mínimo, a um segundo fator de autenticação (autenticação de dois fatores).
Application;Digital technology or digital forensics method;aplikace;sovellusohjelma, sovellus;Εφαρμογή;Aplicação;noun;3;Applications refer to both system-level software (such as operating systems) and other programs that process, store, or communicate data. Application also refers to the act of implementing forensic methods, techniques, or processes.;PCQ (Post-charge questioning);PCQ;PCQ;PCQ (Ανάκριση μετά την απαγγελία κατηγοριών);interrogatório após a acusação;form;forma/formulář;muoto;έντυπη μορφή εγγράφου - ερωτηματολόγιο;Formulário;These devices often store search history and the applications used on them and as such can provide evidential value in certain enquires. (procedural/instructive);Tato zařízení často ukládají historii vyhledávání a aplikace, které na nich byly použity, a jako taková mohou mít důkazní hodnotu v určitých vyšetřováních. (procesní/instruktivní);Laitteet tallentavat usein hakuhistorian ja niissä käytetyt sovellukset ja voivat sellaisenaan omata todistusarvoa tai olla avuksi tietyissä tiedusteluissa. (menettely/ohje);Αυτές οι συσκευές αποθηκεύουν συχνά το ιστορικό αναζήτησης και τις εφαρμογές που χρησιμοποιούνται σε αυτές και, ως εκ τούτου, στο πλαίσιο ορισμένων ερευνών, μπορούν να παρέχουν αξιόλογα στοιχεία. (διαδικαστικό/επιμορφωτικό πλαίσιο);Estes dispositivos armazenam frequentemente o histórico de pesquisas e as aplicações neles utilizadas e, como tal, podem fornecer valor probatório em certas investigações.
Airplane mode;Digital forensics method;režim letadlo;lentotila-asetus;Λειτουργία πτήσης;Modo de Voo or Modo de Avião;noun;1;Airplane mode is a device setting that disables wireless communication functions, preventing the device from obtaining a signal to access networks. Airplane mode is used as a technique to preserve the integrity of digital evidence on mobile devices.;N/A;N/A;ei saatavissa/ei käytettävissä;Μη διαθέσιμο;N/a;N/A;N/A;ei saatavissa/ei käytettävissä;Μη διαθέσιμο;N/A;Security permitting, set a phone on Airplane Mode. (procedural/instructive);Pokud to bezpečnostní opatření dovolují, nastavte telefon do režimu letadlo. (postup/pokyny);Tietojen turvaamiseksi puhelin kannattaa haltuunotto- ja/tai takavarikkotilanteessa asettaa lentokonetilaan. (proseduraalinen/ohjeellinen);Εάν το επιτρέπει η ασφάλεια, ρυθμίστε το τηλέφωνο σε λειτουργία πτήσης. (διαδικαστικό/επιμορφωτικό πλαίσιο);Se as condições de segurança o permitirem, coloque o telemóvel em Modo de Voo.
Serial number;Digital evidence;sériové číslo;sarjanumero;Σειριακός αριθμός;Número de série;noun;3;Serial number is a unique identifier assigned to physical items, equipment, or recorded events to enable specific identification and tracking.;digit;(číselný) znak;numero;ψηφίο;Dígito;was;byl;oli;υπήρξε;Era /Foi;A unique serial number is to be issued for each interview and entered on the disc register and DVD security seal / label. (procedural/instructive);Pro každý rozhovor musí být vydáno jedinečné sériové číslo, které se zapíše do registru disků a na bezpečnostní pečeť/etiketu DVD. (procedurální/instruktážní);Yksilöivä tunniste merkitään myös erilaisten tallenteiden tunnistamiseksi. (menettely/ohje);Για κάθε ακρόαση θα εκδίδεται ένας μοναδικός σειριακός αριθμός, ο οποίος θα καταχωρείται στο μητρώο δίσκων και στην ετικέτα/σφραγίδα ασφαλείας του DVD. (διαδικαστικό/επιμορφωτικό πλαίσιο);Deverá ser atribuído um número de série único a cada entrevista, o qual deverá ser inserido no registo de discos e no selo de segurança / etiqueta do DVD.
GPS (Global Positioning System);Digital technology;GPS ;GPS (maailmanlaajuinen paikantamisjärjestelmä);GPS (Παγκόσμιο Σύστημα Εντοπισμού Θέσης);GPS;noun;1;GPS is a satellite-based navigation system that provides location data and positioning information, recording geographical coordinates and temporal data that can be recovered and analysed during forensic examinations.;static;statický;tilasto;στατικό;Estático;equipment;vybavení;laite;εξοπλισμός;Equipamento;Data sources include smart phones, WiFi routers, GPS equipment, CCTV, building access recorders, smart  TVs, games consoles and fitness watches. (procedural/instructive);Zdroje dat zahrnují chytré telefony, WiFi routery, GPS zařízení, kamerové systémy, záznamníky přístupu do budov, chytré  televize, herní konzole a fitness hodinky. (procedurální/instruktivní);Tietolähteitä ovat älypuhelimet, WiFi-reitittimet, GPS-laitteet, CCTV, rakennuksen pääsynauhurit, älytelevisiot, pelikonsolit ja älykellot. (menettely/ohje);Οι πηγές δεδομένων περιλαμβάνουν έξυπνα τηλέφωνα, δρομολογητές ασύρματης σύνδεσης-WiFi, εξοπλισμό GPS, κλειστά κυκλώματα τηλεόρασης, συσκευές καταγραφής πρόσβασης σε κτίρια, έξυπνες τηλεοράσεις-smart TV, κονσόλες παιχνιδιών και ρολόγια παρακολούθησης φυσικής κατάστασης. (διαδικαστικό/επιμορφωτικό πλαίσιο);As fontes de dados incluem telemóveis inteligentes (smartphones), routers Wi-Fi, equipamentos de GPS, videovigilância (CCTV), registadores de acesso a edifícios, smart TVs, consolas de jogos e relógios de fitness.
Desktop;digital equipment;stolní počítač;pöytäkone, työpöytä;Επιτραπέζιος υπολογιστής;Desktop /computador de mesa;noun;1;A desktop is a stationary computer system, typically consisting of a monitor, processing unit, and peripherals, used for computing tasks and data storage.;surrounding;okolní;ympäröivä, ympärillä;περιβάλλων χώρος;Circundante;workspace;pracovní prostor;työtila;χώρος εργασίας;Área de trabalho / espaço de trabalho;Our people will be provided with integrated policing systems where they can enter, re-use and search data from either a mobile or desktop device. (procedural/instructive);Naši lidé budou vybaveni integrovanými policejními systémy, do kterých budou moci zadávat, znovu používat a vyhledávat data z mobilních nebo stolních zařízení. (procedurální/instruktážní);Tietoja voidaan syöttää ja hakea joko pöytätietokoneelta tai mobiililaitteelta. Sana voi tarkoittaa myös tietokonejärjestelmän työpöytänäkymää pöytä- tai kannettavalla tietokoneella.(menettely/ohje);Το προσωπικό μας θα είναι εφοδιασμένο με ολοκληρωμένα συστήματα αστυνόμευσης, στα οποία θα μπορεί να εισέρχεται,  να τα επαναχρησιμοποιεί και να αναζητά δεδομένα, είτε από κινητή, είτε από σταθερή συσκευή. (διαδικαστικό/επμορφωτικό πλαίσιο);Os nossos agentes serão dotados de sistemas de policiamento integrados onde poderão inserir, reutilizar e pesquisar dados a partir de um dispositivo móvel ou de um computador de secretária.
Verify/Verifying;Digital forensics method;ověřit/ověřující;vahvistaminen, todentaminen;Επαλήθευση/Επαληθεύοντας;Verificar;verb;1;Verifying is the process of confirming, establishing, or checking the accuracy, authenticity, or lawfulness of evidence, documents, or procedures through systematic examination methods.;require;požadovat;vaatii;απαιτώ;Exige;forged;padělaný;väärentää;πλαστό;Falsificado;Separate provisions shall be issued on the disclosure of information for the purpose of verifying the reliability of a person applying for or operating in security-sensitive duties. (legislative);O zveřejňování informací za účelem ověření spolehlivosti osoby, která se uchází o výkon funkce citlivé z hlediska bezpečnosti nebo ji vykonává, se vydají samostatná ustanovení. (legislativní);Todentaminen varmistaa esimerkiksi henkilön henkilöllisyyden tai jonkin asiakirjan alkuperän ja sen oikeellisuuden. (lainsäädäntö);Θα συνταχθούν ξεχωριστές διατάξεις σχετικά με την αποκάλυψη πληροφοριών που αφορούν την επαλήθευση της αξιοπιστίας ενός ατόμου που ζητά να ασκήσει ή ασκεί καθήκοντα ευαίσθητα από άποψη ασφάλειας. (νομοθετικό πλαίσιο);Serão emitidas disposições autónomas sobre a divulgação de informações para fins de verificação da fiabilidade de uma pessoa que se candidate ou exerça funções sensíveis em matéria de segurança.
Storage;Digital technology;úložiště;tallennustila, varastointi;Αποθήκευση;Armazenamento;noun;3;Storage is the retention and preservation of digital data, physical evidence, or information in designated locations or media under controlled conditions to maintain integrity, security, and accessibility throughout the investigative process.;cloud;cloudové;pilvi, pilvipalvelu, pilvitallennustila;σύννεφο;Nuvem;media;médium;media;τα μέσα;Meio;On computers, the connection ports for peripherals (mouse, keyboard, monitor, etc.) and the connection ports for any digital storage medium must be sealed. (procedural/instructive);Na počítačích musí být připojovací porty pro periferní zařízení (myš, klávesnice, monitor, atd.) a připojovací porty pro jakékoli digitální paměťové medium zapečetěné. (procedurální/instruktážní);Tietokoneista on huomioitava erilaiset oheislaitteet (hiiri, näppäimistö, monitori jne.) sekä mahdolliset digitaalisten tallennusvälineiden yhteysportit.;Οι θύρες σύνδεσης για τα περιφερειακά (ποντίκι, πληκτρολόγιο, οθόνη κ.λπ.) και οι θύρες σύνδεσης για οποιοδήποτε ψηφιακό μέσο αποθήκευσης πρέπει να είναι σφραγισμένες στους υπολογιστές. (διαδικαστικό/επιμορφωτικό πλαίσιο);Nos computadores, as portas de ligação para periféricos (rato, teclado, monitor, etc.) e as portas de ligação para qualquer meio de armazenamento digital devem ser seladas
Video;Digital evidence;video;video;Βίντεο;Vídeo;noun;3;Video refers to moving images recorded in either digital or analogue format that capture visual information over time, often accompanied by audio, and which may serve as evidence in forensic investigations.;body-worn;připevněný na těle/nošený na těle;kehokamera, vartalokamera;φορητή κάμερα που κρέμεται στο σώμα;Câmaras usadas no corpo;multimedia;multimédia;multimedia;πολυμέσα;Multimedia;Forensic units may be required to carry out authenticity analysis to examine the provenance or integrity of the video material. (legislative);Forenzní jednotky mohou být povinny provést analýzu pravosti za účelem ověření původu nebo integrity videomateriálu. (legislativní);Forensiikassa videomateriaalien alkuperää tai eheyttä on mahdollista tutkia. (lainsäädäntö);Οι εγκληματολογικές μονάδες ενδέχεται να κληθούν να διενεργήσουν ανάλυση γνησιότητας για να εξετάσουν την προέλευση ή την ακεραιότητα του βιντεοληπτικού υλικού. (νομοθετικό πλαίσιο);Poderá ser exigido às unidades forenses que realizem análises de autenticidade para examinar a proveniência ou a integridade do material de vídeo.
Data storage;Digital technology;datové úložiště;tiedon tallentaminen (varastointi);Αποθήκευση δεδομένων;Armazenamento de dados;noun;3;Data storage is the retention and recording of digital information on physical media, devices, or remote systems from which information can be extracted, retrieved, and processed for forensic examination.;computerised;počítačový/digitální;tietokoneistaa;ηλεκτρονική μορφή -μηχανογράφηση;Computorizado;media;médium/média;media;πολυμέσα;Meio;Processing data can take a long time and increases in data storage and in the number of devices associated with crimes have led to increased pressure on forensic services. (procedural/instructive);Zpracování dat může trvat dlouhou dobu a nárůst objemu datových úložišť a počtu zařízení spojených s trestnými činy vede ke zvýšenému tlaku na forenzní služby. (procesní/instruktivní);Rikoksiin liittyvien laitteiden ja datan määrä on lisääntynyt, jolloin tietojen käsittely ja tallennus voivat kestää kauan, joka on myös lisännyt forensisiin tutkimuksiin kohdistuvaa painetta. (menettely/ohje);Η επεξεργασία των δεδομένων ενδέχεται να είναι χρονοβόρα, ενώ παράλληλα η αύξηση του όγκου των αποθηκευμένων δεδομένων και του αριθμού των συσκευών που σχετίζονται με εγκλήματα, έχει αυξήσει την πίεση στις υπηρεσίες εγκληματολογικής έρευνας. (διαδικαστικό/επιμορφωτικό πλαίσιο);O processamento de dados pode demorar muito tempo, e o aumento no armazenamento de dados e no número de dispositivos associados a crimes levou a uma pressão acrescida sobre os serviços forenses.
Forensic copy;Digital forensics method;forenzní kopie;rikostekninen kopio, rikostekninen jäljennös, forensinen kopio/jäljennös;Εγκληματολογικό αντίγραφο;Cópia forense;noun;1;Forensic copy is a duplicate of digital evidence created through controlled forensic procedures to preserve the original data for examination and analysis.;virtual;virtuální;virtuaalinen;εικονικό;Virtual;acquire;získat;hankkia, jäljentää;αποκτώ;Adquirir;Examination of an Evidence or Virtual Forensic Copy (Forensic Image) (procedural/instructive);Zkoumání důkazu nebo virtuální forenzní (bitové) kopie (procesní/instruktážní);Todisteiden tai virtuaalisen rikosteknisen kopion tutkiminen (forensinen jäljennös). (menettelyllinen/ohjeellinen);Εξέταση Αποδεικτικού Στοιχείου ή Εικονικού Εγκληματολογικού Αντιγράφου («Εγκληματολογική εικόνα») (διαδικαστικό/επιμορφωτικό πλαίσιο);Exame de uma Prova ou de uma Cópia Forense Virtual (Imagem Forense)
Forensic;Digital forensics method;forenzní;rikostekninen, forensinen;Εγκληματολογικός/η;Forense;adjective;3;Forensic refers to the systematic, documented, and scientifically rigorous examination of digital devices and evidence as well as the application of scientific methods, techniques, and procedures to criminal investigations and legal proceedings for investigation, or presentation of evidence. It also describes professional practitioners and bodies in the field of digital forensics.;digital;digitální;digitaalinen;ψηφιακό;Digital;unit;jednotka;yksikkö;μονάδα;Unidade;The Director of the Institute of Criminalistics shall establish an expert committee to prepare a review expert report to review the expert report or expert statement submitted by the section of forensic technology and expertise or the Institute of Criminalistics. (legislative);Ředitel Kriminalistického ústavu zřídí odbornou komisi, která vypracuje revizní znalecký posudek k posouzení znaleckého posudku nebo znaleckého stanoviska předloženého OKTE nebo kriminalistickým ústavem. (legislativní);Tarvittaessa rikostekninen laboratorio antaa asiantuntijalausuntoja rikostekniikasta.;Ο Διευθυντής του Ινστιτούτου Εγκληματολογίας θα συγκροτήσει μια επιτροπή ειδικών για την προετοιμασία μιας αναθεωρητικής έκθεσης, με σκοπό την επανεξέταση της αναφοράς ή της δήλωσης εμπειρογνωμόνων που υποβλήθηκε από το τμήμα εγκληματολογικής τεχνολογίας και εμπειρογνωμοσύνης ή από το Ινστιτούτο Εγκληματολογίας. (νομοθετικό πλαίσιο);Compete ao Diretor do Instituto de Criminalística nomear uma comissão de peritos incumbida de elaborar um relatório de revisão sobre um relatório pericial ou parecer técnico que tenha sido emitido pela secção de tecnologia e perícias forenses ou pelo próprio Instituto.
Store/Stored;Digital forensics method;uložit/uložený;tallennettu (varastoitu);Αποθηκεύω/Αποθηκευμένο;Armazenar / Armazenado;verb;3;Store (stored) refers to the act of retaining digital data on devices and media or maintaining physical evidence and records in secure locations for preservation, future access, or processing of evidence.;electronically;elektronicky;elektronisesti, sähköisesti;ηλεκτρονικά;Electronicamente;on;na;päällä, päälle;πάνω σε;ligado;Video footage should be extracted in its native format in order to maintain image quality and be stored as a master copy to be available for any future forensic examination/analysis. (legislative);Videozáznamy by měly být extrahovány v původním formátu, aby byla zachována kvalita obrazového materiálu, a měly by být uloženy jako originální kopie, která bude k dispozici pro případné budoucí forenzní zkoumání/analýzu. (legislativní);Kuvalaadun säilyttämiseksi videomateriaalin kopio tulee jäljentää alkuperäisessä muodossaan. Kopion tuee olla käytettävissä kaikissa tulevissa forensisissa tutkimuksissa/analyyseissä. (lainsäädäntö);Το βίντεο (ή βιντεοληπτικό υλικό)  πρέπει να εξάγεται στην πρωτότυπη μορφή του, προκειμένου να διατηρηθεί η ποιότητα του αντιγράφου και να αποθηκεύεται ως πρωτότυπο αντίγραφο, ώστε να είναι διαθέσιμο για τυχόν μελλοντική εγκληματολογική εξέταση/ανάλυση. (νομοθετικό πλαίσιο);O material videográfico deve ser extraído no seu formato original (nativo) para preservar a qualidade da imagem. Este deverá ser guardado como cópia-matriz (master copy), ficando disponível para qualquer perícia ou análise forense subsequente.
Secure evidence;Digital forensics method;zajistit důkaz/důkazy;todisteiden turvaaminen;Διασφαλίζω αποδεικτικά στοιχεία /διασφάλιση αποδεικτικών στοιχείων;Proteger prova;verb;2;To secure evidence encompasses the collection, documentation, and preserving of both physical items and digital data relevant to an investigation.;N/A;N/A;ei saatavissa/ei käytettävissä;μη διαθέσιμο;N/A;acquired;získaný;hankkia, tallentaa;αποκτήθηκε;Aquisição;The purpose of the initial evidence gathering stage is to secure evidence, not only of offences in relation to production, possession and distribution of such images but also information relating to the subject’s lifestyle, access and interaction with children and use and knowledge of technology. (procedural/instructive);Účelem počáteční fáze shromažďování důkazů je zajistit důkazy nejen o trestných činech souvisejících s výrobou, držením a distribucí takového obrazového materiálu, ale také informací týkajících se životního stylu subjektu, jeho přístupu k dětem a interakci s nimi a používání technologií a znalostech o těchto technologiích. (procesní/instruktivní);Jo alustavassa todisteiden keräämisvaiheessa esimerkiksi lasta esittävien kuvien osalta tulee turvata myös niiden rikosten tutkinta, jotka liittyvät kuvien alkuperään, hallussapitoon ja jakamiseen, mutta myös muut rikosepäilyyn liittyvät seikat. (menettely/ohje);Ο σκοπός του αρχικού σταδίου συλλογής αποδεικτικών στοιχείων είναι η διασφάλιση αυτών όχι μόνο για αδικήματα που σχετίζονται με την παραγωγή, κατοχή και διανομή τέτοιων εικόνων, αλλά και πληροφοριών σχετικά με τον τρόπο ζωής του υποκειμένου, την πρόσβαση και την αλληλεπίδρασή του με παιδιά, καθώς και την ευρύτερη χρήση και γνώση της τεχνολογίας. (διαδικαστικό/επιμορφωτικό πλαίσιο);O objetivo da fase inicial de recolha de provas é proteger não só as provas das infrações relativas à produção, posse e distribuição de tais imagens, mas também informações relacionadas com o estilo de vida do suspeito, o seu acesso e interação com crianças, e o seu uso e conhecimento de tecnologia.
IP (Internet Protocol) address;Digital evidence;IP adresa (adresa internetového protokolu);IP, IP-osoitteet (Internetin protokollaosoitteet);Διεύθυνση IP (Internet Protocol);Endereço IP;noun;3;IP (Internet Protocol) address is a unique numerical address assigned to a device connected to a network or the internet, allowing it to be located and identified.;originating;pocházející;alkuperäinen;προερχόμενος;Originar;login;zalogování;sisään kirjautuminen, login-tieto;σύνδεση;login;When any user accesses the Internet, they are allocated a unique address known as an IP address and their Internet Service Provider (ISP) keeps logs of the times and dates and the identity of the user allocated any IP address. (procedural/instructive);Když se uživatel připojí k internetu, je mu přidělena jedinečná adresa známá jako IP adresa a jeho poskytovatel internetových služeb (ISP) vede záznamy o časech, datech a identitě uživatele, kterému byla přidělena daná IP adresa. (procedurální/instruktivní);Internet-palveluntarjoajalta (ISP) voi saada tietoja Internetiä käyttäneestä henkilöstä, tahosta tai lokitiedoista yksilöivän IP-osoitteen avulla. (menettely/ohje);Όταν ένας χρήστης συνδέεται στο Διαδίκτυο, του αποδίδεται μια μοναδική διεύθυνση  γνωστή ως διεύθυνση IP και ο πάροχος υπηρεσιών Διαδικτύου (ISP) τηρεί αρχεία με τις ώρες, τις ημερομηνίες και την ταυτότητα του χρήστη στον οποίο έχει αποδοθεί η διεύθυνση IP. (διαδικαστικό/επιμπρφωτικό πλαίσιο);Sempre que um utilizador acede à Internet, é-lhe alocado um endereço único (o endereço IP). Por sua vez, o Fornecedor de Serviços de Internet (ISP) guarda registos que associam cada endereço IP à identidade do utilizador, bem como à data e hora exatas dessa atribuição.
Timestamp;Digital evidence;časové razítko;Aikaleima;Χρονοσήμανση;Linha temporal / Registo de entrada;noun;1;A timestamp is a recorded marker indicating the specific date and time when a digital event occurred, data was created, modified, accessed, or transmitted.;recovered;obnovený;palautettu;ανακτήθηκε;Recuperado;GPS;GPS;GPS;GPS - Παγκόσμιο Σύστημα Εντοπισμού Θέσης;GPS;Timestamps might be a network timestamp relating to the point when information is received by centralised network storage, and not at the earlier point of digitization in the camera. (procedural/instructive);Časová razítka mohou být síťová časová razítka vztahující se k okamžiku, kdy jsou informace přijaty centralizovaným síťovým úložištěm a nikoli k dřívějšímu okamžiku digitalizace ve fotoaparátu. (procedurální/instruktivní);Aikaleimasta tulee tunnistaa, mihin se liittyy (verkkotallennuksen, kuvan tai viestin aikaleima). (menettely/ohje);Οι χρονικές σημάνσεις μπορεί να είναι σημάνσεις δικτύου που σχετίζονται με το σημείο στο οποίο οι πληροφορίες λαμβάνονται από τον κεντρικό αποθηκευτικό χώρο του δικτύου και όχι με το προηγούμενο σημείο, όπου ψηφιοποιούνται στην κάμερα. (διαδικαστικό/επιμορφωτικό πλαίσιο);É preciso ter atenção que um timestamp pode corresponder ao momento em que a informação foi recebida por um sistema de armazenamento em rede, e não necessariamente ao momento anterior em que foi digitalizada pela câmara.
CPU (Central processing unit);Digital technology;CPU (centrální procesorová jednotka);suoritin, prosessori;CPU (Κεντρική μονάδα επεξεργασίας);CPU - Unidade de processamento central;noun;1;A CPU (Central Processing Unit) is the primary component of a computer that performs computational operations and executes instructions.;motherboard;základní deska;emolevy;μητρική πλακέτα;Motherboard – Placa-mãe;socket;zásuvka;pistoke, ohjelmointirajapinta tiedon lähettämiseen ja vastaanottamiseen;διαβίβαση;socket (conector físico);Central Processing Units (CPUs) are generally stored as 2 voltage levels that are abstractly referenced as binary data (‘0’s and ‘1’s). (procedural/instructive);Centrální procesorové jednotky (CPU) jsou obecně uloženy jako 2 úrovně napětí, které jsou abstraktně označovány jako binární data (nuly a jedničky). (procedurální/instruktivní);Prosessointiyksiköiden tallentamaan tietoon voidaan abstraktisti viitata binääridatana ('0's ja '1's). (menettely/ohje);Οι κεντρικές μονάδες επεξεργασίας (CPU) αποθηκεύονται γενικά υπό μορφή 2 επιπέδων τάσης, επίπεδα τα οποία γενικά αναφέρονται ως δυαδικά δεδομένα («0» και «1»). (διαδικαστικό/επιμορφωτικό πλαίσιο);As unidades de processamento central são geralmente armazenadas e processadas através de dois níveis de voltagem, que são representados de forma abstrata como dados binários ('0's e '1's).
Copy;Digital forensics method;kopie ;kopio, jäljennös;Αντίγραφο;Cópia;noun;3;A copy is a reproduction or duplicate of original data, documents, evidence, or records, created for purposes of examination, analysis, preservation, distribution, or retention. In digital forensics, a copy refers to both the act of reproducing digital data and the resulting reproduction itself.;hard;fyzická;kova, vaativa;σκληρός;Rígido;number;číslo;numero;νούμερο;Número;The data held within the cloud storage account is not held on a user's device unless the user downloads it or makes it available to view offline (a copy is then saved to the device). (procedural/instructive);Data uložená v cloudovém úložišti nejsou uchovávána na zařízení uživatele, pokud si je uživatel nestáhne nebo nezpřístupní pro offline prohlížení (v takovém případě se kopie uloží do zařízení). (procedurální/instruktážní);Pilvitallennustilillä olevia tietoja ei säilytetä käyttäjän laitteella, ellei käyttäjä lataa niitä tai anna niitä katsottavaksi offline-tilassa (laitteelle tallentuva kopio). (menettely/ohje);Τα δεδομένα που αποθηκεύονται στον λογαριασμό φύλαξης στο cloud δεν αποθηκεύονται στη συσκευή του χρήστη, εκτός εάν ο χρήστης τα κατεβάσει ή τα καταστήσει διαθέσιμα για προβολή εκτός σύνδεσης (στην περίπτωση αυτή, αποθηκεύεται ένα αντίγραφο στη συσκευή). (διαδικαστικό/επιμορφωτικοτικό πλαίσιο);Os dados contidos numa conta de armazenamento na nuvem não se encontram no dispositivo de um utilizador, a menos que este os descarregue ou os disponibilize para visualização offline (sendo então guardada uma cópia no dispositivo).
Digital device;Digital equipment;;;;;noun;3;A digital device refers to any electronic device that can receive, store, process, or send digital information and may contain evidence for criminal investigations or incidents.;associated;;;;;examination;;;;;It is important to ensure that an appropriately comprehensive and accurate extraction of data from the digital device in question is achieved, whilst maintaining the integrity of the evidential chain. (procedural/instructive);;;;
Image enhancement;Digital forensics method;vylepšení obrazového materiálu;kuvankäsittely;Βελτίωση εικόνας;Melhoria de imagem;noun;1;Image enhancement is a transformation of an image that seeks to increase its quality, clarity, or interpretability for forensic examination purposes.;post-capture;následné/postprocesní;jälkikäsittely;μετά τη σύλληψη;Pós-captura;N/A;N/A;ei saatavissa/ei käytettävissä;μη διαθέσιμο;N/A;Forensic units shall be clear on the purpose of any image enhancement that is to be carried out and anticipate any data losses that may occur as a side effect. (procedural/instructive);Forenzní jednotky musí mít jasný účel jakéhokoli vylepšení obrazového materiálu, které má být provedeno a předvídat případné ztráty dat, které mohou nastat jako průvodní jev. (procesní/instruktážní);Forensisessa tarkoituksessa tehdyssä kuvankäsittelyssä on huomioitava mahdollisen kuvan muokkauksen tarkoitus ja mahdollinen tiedonmenetys. (menettely/ohje);Οι εγκληματολογικές μονάδες πρέπει να είναι σαφείς ως προς τον σκοπό κάθε βελτίωσης εικόνας που πρόκειται να πραγματοποιηθεί και να προβλέπουν τυχόν απώλειες δεδομένων που ενδέχεται να προκύψουν ως παρενέργεια αυτής της παρέμβασης. (διαδικαστικό/επιμορφωτικό πλαίσιο);As unidades forenses deverão ser claras quanto ao propósito de qualquer melhoramento de imagem a ser realizado e antecipar quaisquer perdas de dados que possam ocorrer como efeito secundário.
TCP/IP (Transmission Control Protocol/Internet Protocol);Digital technology;TCP/IP (protocol řízení přenosu/internetový protocol);TCP, siirtokerrosprotokolla;: TCP/IP (Πρωτόκολλο ελέγχου μετάδοσης/Πρωτόκολλο διαδικτύου);Protocolo de Controlo de Transmissão/Protocolo de Internet;noun;1;TCP (Transmission Control Protocol) is a transport layer protocol responsible for reliable data transmission. IP (Internet Protocol) is a network layer protocol that handles addressing and routing of data packets. They work together to enable reliable end-to-end communication across networks;N/A;N/A;ei saatavissa/ei käytettävissä;μη διαθέσιμο;N/A;protocol;protokol;protokolla;μη διαθέσιμο;Protocolo;Interconnected Network. The set of global computer networks linked together using the TCP/IP protocol. (procedural/instructive);Propojená síť. Soubor globálních počítačových sítí propojených pomocí protokolu TCP/IP. (procedurální/instruktivní);Yhdistetty verkko. TCP/IP-protokollan avulla toisiinsa liitettyjen maailmanlaajuisten tietoverkkojen joukko. (menettely/ohje);Διασυνδεδεμένο δίκτυο. Το σύνολο των παγκόσμιων δικτύων υπολογιστών που συνδέονται μεταξύ τους χρησιμοποιώντας το πρωτόκολλο TCP/IP. (διαδικαστικό/επιμορφωτικό  πλαίσιο);Rede Interligada. O conjunto de redes de computadores globais que estão ligadas entre si utilizando o protocolo TCP/IP.
Motherboard;Digital equipment;základní deska;emolevy;Μητρική πλακέτα;Placa-mãe;noun;1;A motherboard is the main circuit board within a computer's main unit that houses and connects the central processing unit (CPU), memory, expansion cards, and other critical system components.;N/A;N/A;ei saatavissa/ei käytettävissä;μη διαθέσιμο;N/A;CPU;CPU;CPU, suoritin, prosessori;ΚΜΕ -  Κεντρική Μονάδα Επεξεργασίας;CPU;"The effect of data transmission errors within a system can be reduced by using Error Code Correction (ECC) memory; or equivalents and ensuring that the memory they purchase is guaranteed to be compatible with the motherboard. (procedural/instructive)";Účinek chyb při přenosu dat v rámci systému lze snížit použitím paměti s korekcí chybových kódů (ECC) nebo ekvivalentů a zajištěním, že zakoupená paměť je zaručeně kompatibilní se základní deskou. (procedurální/instruktážní);Käyttämällä Error Code Correction (ECC)-muistia voidaan vähentää järjestelmän tiedonsiirtovirheiden vaikutusta ja varmistaa uusien muistien yhteensopivuus emolevyn kanssa. (menettely/ohje);Οι επιπτώσεις των σφαλμάτων μετάδοσης δεδομένων εντός ενός συστήματος μπορούν να μειωθούν με τη χρήση μνήμης κώδικα διόρθωσης σφαλμάτων (ECC) ή με τη χρήση αντίστοιχων ισοδύναμων συστημάτων καθώς και με τη διασφάλιση ότι η μνήμη που αποκτάται είναι συμβατή με τη μητρική πλακέτα. (διαδικαστικό/επιμορφωτικό πλαίσιο);O efeito dos erros de transmissão de dados dentro de um sistema pode ser reduzido utilizando memória com Correção de Código de Erro (ECC) ou equivalentes, e garantindo que a memória adquirida é comprovadamente compatível com a placa-mãe.
Delete;Digital forensics method;vymazat;poisto, poistaminen;Διαγράφω/διαγραφή;Apagar;verb;2;To delete is to remove or erase data so that it can no longer be accessed. In digital forensics, deletion refers to both intentional removal of electronic data and automated system processes that alter or eliminate stored information.;marks;znaky;merkit;σημεία;Marcas;existing;existující/skutečný;olemassa oleva, ilmestyvä;υφιστάμενη;Existentes;If agreement is withdrawn after the extraction of information has taken place, it may not be possible to delete the data or return the device as it could form a crucial part of the evidence in the case. (procedural/instructive);Pokud je souhlas odvolán po získání informací, nemusí být možné data smazat nebo zařízení vrátit, protože by mohlo tvořit klíčovou součást důkazů v daném případě. (procesní/instruktivní);Poistettu tai palautettu tieto voi muodostaa ratkaisevan osan todisteista. (menettely/ohje);Εάν η συναίνεση ανακληθεί μετά την εξαγωγή των πληροφοριών, η διαγραφή των δεδομένων ή η επιστροφή της συσκευής ενδέχεται να μην είναι εφικτό να συμβούν, καθώς αυτά ενδέχεται να αποτελούν κρίσιμο μέρος των αποδεικτικών στοιχείων της υπόθεσης. (διαδικαστικό/επιμορφωτικό πλαίσιο);Se o consentimento for retirado após a extração da informação já ter ocorrido, poderá não ser possível apagar os dados ou devolver o dispositivo, visto que este poderá constituir uma parte crucial da prova no processo.
Protocols;Digital forensics method;postupy;protokollat;Πρωτόκολλα;Protocolos;noun;2;Protocols are established procedures or standards that govern operations, communications, or interactions within forensic practice or organisational frameworks.;conclude;uzavřít;päättää, tehdä johtopäätös;καταλήγω;Concluir;adhered;dodržované;kiinnittynyt;υπό τήρηση;Seguidos;It is intended that the Digital Evidence in Criminal Procedure Manual constitutes a tool that allows formalising and standardizing procedures that, in addition to guarantee the quality of the service provided, should also allow the standardization of action protocols and the formalisation of processes. (procedural/instructive);Cílem příručky „Digitální důkazy v trestním řízení“ je vytvořit nástroj, který umožní formalizovat a standardizovat postupy, které kromě zajištění kvality poskytovaných služeb umožní také standardizaci akčních protokolů a formalizaci procesů (procesních/instruktážních).;"Myös digitaalisen todisteen käsittelyssä tulisi olla todisteen käsittelymenettelyt, toimintaprotokollat ja prosessit virallistava standardoiva työkalu (esimerkiksi digitaalisen todisteen käsittelyopas; Digital Evidence in Criminal Procedure Manual). (menettely/ohje)";Το Εγχειρίδιο Διαδικασιών Ψηφιακών Πειστηρίων έχει ως στόχο να αποτελέσει ένα εργαλείο που θα επιτρέπει την τυποποίηση και την ενοποίηση των διαδικασιών, οι οποίες με τη σειρά τους θα συμβάλλουν καθοριστικά, αφενός στην εγγύηση της ποιότητας των παρεχόμενων υπηρεσιών, αφετέρου στην προτυποποίηση των πρωτοκόλλων δράσης και την επισημοποίηση των διαδικασιών. (διαδικαστικό/επιμορφωτικό πλαίσιο);Pretende-se que o Manual de Prova Digital em Processo Penal constitua uma ferramenta que permita formalizar e padronizar procedimentos que, para além de garantirem a qualidade do serviço prestado, deverão também permitir a estandardização de protocolos de atuação e a formalização de processos.
Disk;Digital equipment;disk;levy, levyke;Δίσκος;Disco;noun;2;A disk is a data storage medium used to store and retrieve digital information, encompassing both magnetic rotating storage devices (hard disk drives) and other storage formats.;hard;pevný;kova;σκληρός (δίσκος);;drive;disk;ajaa;δίσκος;Unidade;Do not place labels directly onto floppy disks or CDs/DVDs. (procedural/instructive);Nenalepujte štítky přímo na disketu nebo CD/DVD. (procedurální/instruktážní);Tarroja tai merkintöjä ei pidä asettaa suoraan levykkeille tai CD/DVD-levyille. (menettely/ohje);Μην τοποθετείτε ετικέτες απευθείας πάνω σε δισκέτες ή οπτικούς δίσκους CD/DVD. (διαδικαστικό/επιμορφωτικό  πλαίσιο);Não cole etiquetas diretamente em disquetes ou CDs/DVDs.
Optical disc;Digital equipment;optický disk;optinen levy;:;Dico ótico;noun;2;An optical disc is a flat, circular storage medium that uses optical (laser) technology to read and write data, including CDs (compact discs) and DVDs (digital versatile discs).;blank;prázdný;tyhjä;;Vazio, em branco;CDs (compact discs);CD (kompaktní disky);CD-levyt;κενό;CDs;Use proof tape on the openings of boxes or envelopes containing optical discs and other loose objects. (procedural/instructive);Otvory krabic nebo obálek obsahujících optické disky a jiné volné předměty přelepte bezpečnostní páskou. (procedurální/instruktážní);Suojaa optisten levyjen ja muiden irrallisten esineiden aukot käyttämällä tarkoitukseen sopivaa teippiä tai muuta suojaa. (menettely/ohje);Χρησιμοποιήστε ταινία ασφαλείας στα ανοίγματα των κουτιών ή των φακέλων που περιέχουν οπτικούς δίσκους και άλλα χαλαρά αντικείμενα. (διαδικαστικό/επιμορφωτικό πλαίσιο);Utilize fita adesiva de segurança nas aberturas de caixas ou envelopes que contenham discos óticos e outros objetos soltos.
Webpage;Digital evidence;webová stránka;WWW-sivu, netti-sivu, Internet-sivu;Ιστοσελίδα;Webpage /Página web;noun;1;A webpage is a resource accessible on the World Wide Web that displays content through a web browser, which represents dynamic digital evidence that may change over time, requiring careful documentation of when and how they were accessed and preserved.;N/A;N/A;ei saatavissa/ei käytettävissä;μη διαθέσιμο;N/A;N/A;N/A;ei saatavissa/ei käytettävissä;μη διαθέσιμο;N/A;Where it is not possible to reproduce the item as it would have originally been viewed, for example, when a webpage is retrieved some time after the original page was accessed,  this must also be clearly stated in the report. (procedural/instructive);Pokud není možné reprodukovat položku tak, jak byla původně zobrazena, například když je webová stránka znovu načtena nějakou dobu po původním přístupu na stránku, musí být tato skutečnost rovněž jasně uvedena ve zprávě. (procedurální/instruktivní);Jos kohdetta ei ole mahdollista jäljentää siten kuin sitä olisi alun perin katsottu, esimerkiksi kun verkkosivu haetaan jonkin ajan kuluttua alkuperäisen sivun avaamisesta, tämäkin on mainittava raportissa selvästi. (menettely/ohje);Όταν δεν είναι εφικτό να αναπαραχθεί ένα στοιχείο στην αρχική του μορφή, για παράδειγμα στην περίπτωση που μια ιστοσελίδα ανακτάται κάποιο χρονικό διάστημα μετά την αρχική πρόσβαση σε αυτήν, το γεγονός αυτό πρέπει να επισημαίνεται με σαφήνεια στην έκθεση αναφοράς. (διαδικαστικό/επιμορφωτικό πλαίσιο);Quando não for possível reproduzir o item tal como teria sido visualizado originalmente, por exemplo, quando uma página web é recuperada algum tempo depois de a página original ter sido acedida, este facto deve também ser claramente declarado no relatório.
Personal computer (PC);Digital equipment;osobní počítač (PC);tietokone, mikrotietokone, henkilökohtainen tietokone;Προσωπικός υπολογιστής (PC);Computador pessoal;noun;1;A personal computer is a general-purpose computer designed for individual use, typically consisting of a desktop or laptop system that enables connection and activity on networks and performs various computing tasks. PCs are common sources of digital evidence and platforms for forensic examination tools.;networked;zapojený v síti;verkottunut;σε δίκτυο;ligado a uma rede / ligado em rede;hardware;hardware;kovalevy, kiintolevy;εξαρτήματα;hardware;Traditionally, digital forensics mainly involved extracting data from PCs and laptops. (procedural/instructive);Tradičně se digitální forenzní zkoumání zabývalo hlavně získáváním dat z osobních počítačů a notebooků. (procedurální/instruktivní);Perinteisesti aiemmin digitaaliseen rikostekniikkaan kuului lähinnä tietojen poimiminen tietokoneista ja kannettavista tietokoneista. (menettely/ohje);Η ψηφιακή εγκληματολογία αφορούσε ανέκαθεν κατά κύριο λόγο την εξαγωγή δεδομένων από υπολογιστές και φορητούς υπολογιστές. (διαδικαστικό/επιμορφωτικό πλαίσιο);Tradicionalmente, a análise forense digital envolvia principalmente a extração de dados de computadores pessoais (PCs) e portáteis.
Forensic process;Digital forensics method;proces forenzního zkoumání;forensinen, rikostekninen prosessi;Εγκληματολογική διαδικασία;Processo Forense;noun;2;Forensic process refers to the systematic series of procedures, methods, and stages involved in the collection, examination, analysis, and reporting of evidence for investigative or legal purposes.;entire;úplný;koko, kokonainen;ολόκληρο;Todo;improvements;zlepšení;parannukset, edistymiset;βελτιώσεις;Melhorias;The areas addressed are the acquisition and analysis of digital systems, including all aspects of the forensic process from before seizure to final report production and archiving. (procedural/instructive);Zabývá se oblastí získávání a analýzy digitálních systémů včetně všech aspektů procesu forenzního zkoumání od doby před zajištěním zabavení až po vypracování závěrečné zprávy a archivaci. (procesní/instruktážní);Käsiteltäviä aloja ovat digitaalisten järjestelmien hankinta ja analysointi, mukaan lukien kaikki forensisen prosessin osa-alueet ennen takavarikointia loppuraporttien tuottamiseen ja arkistointiin. (menettely/ohje);Οι τομείς που εξετάζονται είναι η απόκτηση και η ανάλυση ψηφιακών συστημάτων, συμπεριλαμβανομένων όλων των πτυχών της εγκληματολογικής διαδικασίας, ξεκινώντας από την περίοδο δηλαδή πριν την κατάσχεση έως την τελική σύνταξη της έκθεσης αναφοράς και την αρχειοθέτηση. (διαδικαστικό/επιμορφωτικό πλαίσιο);As áreas abordadas são a aquisição e a análise de sistemas digitais, incluindo todos os aspetos do processo forense, desde antes da apreensão até à produção do relatório final e ao arquivamento.
Evidence recovery;Digital forensics method;získání/zajištění důkazů;todisteiden palauttaminen;Ανάκτηση αποδεικτικών στοιχείων;Recolha de provas;noun;2;Evidence recovery is the systematic process of locating, extracting, collecting, and preserving physical or digital evidence from crime scenes, devices, or other sources for forensic examination and analysis.;detail;detail;yksityiskohta;λεπτομέρεια;Detalhe;strategy;strategie;strategia, suunnitelma;στρατηγική;Estratégia;When carrying out any evidence recovery it is essential that an audit trail of all activity carried out by the investigator is recorded in a log. (procedural/instructive);Při jakémkoli zajišťování důkazů je nezbytné, aby byl v protokolu zaznamenán revizní záznam všech činností provedených vyšetřovatelem. (procesní/instruktážní);Kaikista todistetaltioinneista on kirjattava kaikki todisteen taltioimiseen liittyvät menettelyt ja havainnot ehjä todisteketjun turvaamiseksi. (menettely/ohje);Κατά τη διαδικασία οποιασδήποτε ανάκτησης αποδεικτικών στοιχείων, είναι απαραίτητο να καταγράφονται σε ένα αρχείο όλα τα στοιχεία ελέγχου των δραστηριοτήτων που πραγματοποιούνται από τον ερευνητή. (διαδικαστικό/επιμορφωτικό πλαίσιο);Ao realizar qualquer recolha de provas, é essencial que seja registado num ficheiro de log (log) um rasto de auditoria (audit trail) de toda a atividade realizada pelo perito.
Expert report;Digital forensics method;znalecký posudek;asiantuntijalausunto;Έκθεση εμπειρογνώμονα [Σημασιολογική κατηγορία: Μέθοδος ψηφιακής;Relatório pericial;noun;3;An expert report is a formal written document prepared by a qualified expert or expert institute following the completion of a forensic examination, presenting technical findings, analysis, and professional opinions based on specialised knowledge and investigative procedures.;comprehensive;komplexní;kattava, laaja;πλήρης;Compreensivo /abrangente;contains;obsahuje;sisältää;;Contém;The Director of the Institute of Criminalistics shall establish an expert committee to prepare a review expert report to review the expert report or expert statement submitted by the section of forensic technology and expertise or the Institute of Criminalistics. (legislative);Ředitel Kriminalistického ústavu zřídí odbornou komisi, která vypracuje revizní znalecký posudek k posouzení znaleckého posudku nebo odborného vyjádření OKTE nebo Kriminalistickým ústavem. (legislativní);Suomessa Keskusrikospoliisin Rikostekninen laboratorio (RTL) tutkii rikospaikkanäytteitä, vastaa toimialansa kehityksestä sekä toimii kouluttajana ja muiden viranomaisten tukena teknisen rikostutkinnan asiantuntemusta vaativissa asioissa. Laboratorion antamia lausuntoja käytetään esitutkinnassa ja koko muussa rikosprosessissa. (lainsäädäntö);Ο Διευθυντής του Ινστιτούτου Εγκληματολογίας θα συστήσει μια επιτροπή ειδικών για την σύνταξη μιας αναφοράς αξιολόγησης εμπειρογνωμόνων, με σκοπό την αξιολόγηση της αναφοράς αυτής ή της δήλωσης των εμπειρογνωμόνων που υποβλήθηκε από το τμήμα εγκληματολογικής τεχνολογίας και εμπειρογνωμοσύνης ή από το Ινστιτούτο Εγκληματολογίας. (νομοθετικό πλάισιο);O Diretor do Instituto de Criminalística deverá constituir uma comissão de peritos incumbida de preparar uma contra-peritagem, destinada a apreciar um relatório ou parecer previamente emitido pela secção de tecnologia e perícia forense ou pelo próprio Instituto.
Machine learning;Digital technology;strojové učení;koneoppiminen;Μηχανική μάθηση;Aprendizagem automática;noun;2;Machine learning is a subset of artificial intelligence involving computational algorithms and systems that can learn from data, identify patterns, and make decisions or predictions on large volumes of digital evidence.;N/A;N/A;ei saatavissa/ei käytettävissä;μη διαθέσιμο;N/A;algorithms;algoritmy;algoritmit;αλγορίθμους;Algorítmos;Behavioural detection, data analytics and machine learning will allow us, with partners, to swiftly identify triggers and patterns. (procedural/instructive);Detekce chování, analýza dat a strojové učení a našim partnerům umožní rychle identifikovat spouštěče a vzorce. (procedurální/instruktivní);Koneoppimista voisi hyödyntää esimerkiksi datan analysoinnissa. Koneoppimisessa tietokonejärjestelmät oppivat ja kehittyvät kokemuksen kautta ilman nimenomaista ohjelmointia.  (menettely/ohje);Η ανίχνευση συμπεριφοράς, η ανάλυση δεδομένων και η μηχανική μάθηση θα μας επιτρέψουν, σε συνεργασία με τους εταίρους μας, να εντοπίζουμε γρήγορα τα αίτια και τα μοτίβα. (διαδικαστικό/επιμορφωτικό πλαίσιο);A deteção comportamental, a análise de dados (data analytics) e a aprendizagem automática (machine learning) permitir-nos-ão, em conjunto com os nossos parceiros, identificar rapidamente gatilhos e padrões.
Examiner;Digital forensic professional;znalec;tutkija;Εξεταστής;Examinador;noun;3;An examiner is a trained and competent professional responsible for conducting forensic examinations, analysing evidence, and producing findings and reports based on specialized knowledge and technical expertise.;first;první;ensimmäinen, ensin;πρώτος;Primeiro;will;bude;tahto;θα;Irá (do verbo ir no futuro) /vontade;Whilst an initial report may be relatively brief, the examiner should be in a position to produce a full technical report should one later be required. (procedural/instructive);Ačkoli může být počáteční zpráva relativně stručná, znalec by měl být schopen vypracovat komplexní technickou zprávu, pokud by byla později požadována. (procedurální/instruktivní);Vaikka alustava raportti voi olla suhteellisen lyhyt, tutkijan pitäisi pystyä tuottamaan täydellinen tekninen raportti, jos sellainen on myöhemmin tarpeen. (menettely/ohje);Αν και η αρχική αναφορά μπορεί να είναι σχετικά σύντομη, ο εξεταστής  θα πρέπει να είναι σε θέση να συντάξει μια πλήρη τεχνική έκθεση, σε περίπτωση που αυτή απαιτηθεί σε επόμενο στάδιο. (διαδικαστικό/επιμορφωτικό πλαίσιο);Ainda que o relatório preliminar seja sucinto, é imperativo que o perito tenha reunido todas as condições para, a qualquer momento, elaborar um relatório técnico detalhado, se este lhe for solicitado.
Examination;Digital forensics method;zkoumání;tutkinta;Εξέταση;Exame;noun;3;Examination is the systematic and detailed analysis of items, devices, or materials to identify, document, extract, and interpret evidence for investigative or legal purposes.;forensic;forenzní;forensiikka, rikostekniikka;εγκληματολογική;Forense;results;výsledky;tulokset;αποτελέσματα;Resultados;Taking digital devices for examination by agreement with the owner/user will only ever be applicable to victims and witnesses. (procedural/instructive);Zajištění digitálních zařízení ke zkoumání po dohodě s vlastníkem/uživatelem bude vždy možné pouze u obětí a svědků. (procesní/instruktivní);Digitaalisten laitteiden ottaminen tutkittavaksi omistajan/haltijan/käyttäjän suostumuksella koskee vain asianomistajia (uhreja) ja todistajia. (menettely/ohje);Η κατάσχεση ψηφιακών συσκευών για εξέταση  ύστερα από συμφωνία με τον ιδιοκτήτη/χρήστη, θα ισχύει μόνο για θύματα και μάρτυρες. (διαδικαστικό/επιμορφωτικο πλαίσιο);A apreensão de dispositivos digitais para análise por consentimento do proprietário/utilizador será apenas e só aplicável a vítimas e testemunhas.
CCTV (Closed-circuit television);Digital evidence;kamerový systém;valvontakamerat, valvontakamerajärjestelmä;CCTV (Κλειστό κύκλωμα τηλεόρασης);CCTV / Circuito Fechado de Televisão;noun;3;CCTV (Closed-circuit television) is a video surveillance system consisting of cameras, recording devices, and playback equipment that captures and stores visual recordings of specific locations or areas for security, monitoring, or evidential purposes.;cybercrime;kyberkriminalita/kyberzločin;kyberrikos;κυβερνοέγκλημα;Cibercrime;systems;systémy;järjestelmät;συστήματα;Sistemas;Transforming video from CCTV sources often requires spatial and temporal re-sampling, which leads to a loss of information that may be important in subsequent processing and interpretation. (legislative);Převod videa ze kamerových systémů (CCTV) často vyžaduje prostorové a časové převzorkování, což vede ke ztrátě informací, které mohou být důležité pro následné zpracování a interpretaci. (legislativní);Valvontatallenteista saatavan tiedon tallentamisessa on huomioitava kaikki tärkeät tiedot tallenteen ja/tai tiedon myöhempää käsittelyä ja tulkintaa varten. (lainsäädäntö);Η μετατροπή βίντεο από πηγές CCTV – Κλειστού κύκλωματος τηλεόρασης– απαιτεί συχνά χωρική και χρονική επαναδειγματοληψία, η οποία οδηγεί σε απώλεια πληροφοριών που μπορεί να είναι σημαντικές για την περαιτέρω επεξεργασία και ερμηνεία των στοιχείων. (νομοθετικό πλαίσιο);Deve-se ter em conta que a conversão de vídeo de sistemas de CCTV implica, em muitos casos, processos de reamostragem espacial e temporal. Tais processos resultam invariavelmente numa perda de dados que pode comprometer a análise e a interpretação futuras da prova.
Chat;Digital technology;chat;chat-alusta, chat-keskustelu, chat, chatti;Συνομιλία;Chat / conversa;noun;2;Chat refers to real-time text-based communication between users over the internet or telecommunications networks, enabling interactive conversations through various digital platforms and applications.;relay;přenos;viesti, lähetys, siirto;αναμεταδότης;Transmissão;logs;deníky/záznamníky;lokitiedot, lokit;καταγραφές;logs / Registos;Where an incident is reported which involves the use of chat the person taking the report needs to ascertain what method of chat was being used, i.e. what is the name of the website hosting the chat and its full Internet address, or what program is being used. (procedural/instructive);V případě nahlášení incidentu, který souvisí s používáním chatu, musí osoba přijímající hlášení zjistit, jaký způsob chatu byl použit, tj. jak se jmenuje webová stránka, na které je chat hostován, jaká je její úplná internetová adresa nebo jaký program byl použit. (procedurální/instruktážní);Chat-alustalla tapahtuneen epäilyn taltioimiseksi, tulee saada mahdollisimman tarkat tiedot käytetystä chat-ohjelmasta sekä chat-alustaa isännöivästä verkkosivustosta tarkkoine tietoineen. (menettely/ohje);Όταν γίνεται αναφορά ενός περιστατικού που σχετίζεται με τη χρήση συνομιλίας, το άτομο που λαμβάνει την αναφορά πρέπει να εξακριβώσει ποια μέθοδος συνομιλίας χρησιμοποιήθηκε, δηλαδή ποιο είναι το όνομα του ιστότοπου που την φιλοξενεί και η πλήρης διεύθυνσή του στο Διαδίκτυο, ή ποιο πρόγραμμα έχει επιλεγεί. (διαδικαστικό/εκπαιδευτικό πλαίσιο);Quando é reportado um incidente que envolve o uso de chat, a pessoa que regista a ocorrência precisa de apurar qual o método de chat utilizado, ou seja, qual o nome do website que aloja o chat e o seu endereço de Internet completo, ou qual o programa que está a ser usado.
Biometric data;Digital evidence;biometrické údaje;biometrinen tieto, biometrinen data;Βιομετρικά δεδομένα;Dados biométricos;noun;3;Biometric data are personal data resulting from specific technical processing, relating to the physical, physiological, or behavioural characteristics of a person, which allow or confirm the unique identification of that individual, such as facial recognition data.;managing;řízení;hallinta, johtaminen;διαχείριση;Gerir;held;držený;piti;διατηρούνται;Contidos /armazenados;The processing of workers' biometric data is only considered legitimate for attendance control and access control to the employer's facilities, and it must be ensured that only representations of biometric data are used and that the respective collection process does not allow for the reversibility of said data. (legislative);Zpracování biometrických údajů zaměstnanců je považováno za legitimní pouze pro účely kontroly docházky a kontroly přístupu do prostor zaměstnavatele, přičemž musí být zajištěno, že jsou dochází pouze k zobrazení biometrických údajů a že příslušný proces shromažďování neumožňuje reverzibilitu těchto údajů. (legislativní);Biometristen tietojen käyttö ja käsittely edellyttävät muun muassa tietosuojaedellytysten (GDPR) ja lainsäädännön kattavaa huomioimista. (lainsäädäntö);Η επεξεργασία των βιομετρικών δεδομένων των εργαζομένων θεωρείται νόμιμη μόνο ως προς τον έλεγχο της παρουσίας και της πρόσβασης στις εγκαταστάσεις του εργοδότη. Πρέπει λοιπόν να διασφαλίζεται ότι χρησιμοποιούνται μόνο αναπαραστάσεις βιομετρικών δεδομένων και ότι η αντίστοιχη διαδικασία συλλογής δεν επιτρέπει την αναστρεψιμότητα των εν λόγω δεδομένων. (νομοθετικό πλαίσιο);O tratamento de dados biométricos dos trabalhadores só é considerado legítimo para finalidades de controlo de assiduidade e de controlo de acesso às instalações do empregador, devendo ser garantido que apenas são utilizadas representações dos dados biométricos e que o respetivo processo de recolha não permite a reversibilidade dos referidos dados.
Data protection;Legal framework;ochrana dat;tietosuoja;: Προστασία δεδομένων;Proteção de dados;noun;3;Data protection refers to the legal framework, principles, and practices governing the lawful collection, processing, storage, retention, and disposal of personal data to safeguard individual privacy rights and ensure responsible handling of information.;national;národní;kansallinen;εθνικό;Nacional;legislation;legislativa;lainsäädäntö;νομοθεσία;Legislação;The controller ensures that the data protection officer is involved, appropriately and in a timely manner, in all issues related to the protection of personal data. (legislative);Správce zajistí, aby byl pověřenec pro ochranu osobních údajů náležitě a včas zapojen do všech otázek týkajících se ochrany osobních údajů. (legislativní);Rekisterinpitäjä huolehtii siitä, että tietosuojavastaava on asianmukaisesti ja oikea-aikaisesti mukana kaikissa henkilötietojen suojaan liittyvissä kysymyksissä. (lainsäädäntö);Ο υπεύθυνος διαχείρισης διασφαλίζει ότι με τη σειρά του, ο αρμόδιος προστασίας δεδομένων συμμετέχει, κατάλληλα και έγκαιρα, σε όλα τα θέματα που σχετίζονται με την προστασία των δεδομένων προσωπικού χαρακτήρα. (νομοθετικό πλαίσιο);O responsável pelo tratamento garante que o encarregado da proteção de dados seja envolvido, de forma adequada e em tempo útil, em todas as questões relacionadas com a proteção de dados pessoais.
Identification system;digital forensics method;identifikační system;tunnistusjärjestelmä;Σύστημα αναγνώρισης;Sistema de identificação;noun;2;Identification system is an automated or computer-based system that compares, analyses, and matches biometric or other identifying characteristics to establishing identity or associations for investigative and evidentiary purposes.;palmistry;analýza otisků dlaně (v tomto kontextu);kädenjälki;μελέτη των γραμμών (και άλλων σχηματισμών) της παλάμης και των δαχτύλων ενός ατόμου;Quiroscopia;AFIS (Automated Fingerprint Identification System);AFIS (automatizovaný identifikační systém otisků prstů);AFIS (automatisoitu/automaattinen sormenjälkitunnistusjärjestelmä);AFIS (Αυτοματοποιημένο Σύστημα Αναγνώρισης Δακτυλικών Αποτυπωμάτων);AFIS (Sistema de Identificação Automatizada de Impressões Digitais);Competency assessment shall include manual and/or computer-based comparisons and the use of any automated fingerprint identification system (AFIS). (procedural/instructive);Posuzování způsobilosti zahrnuje manuální a/nebo počítačem provedené srovnání a použití jakéhokoli automatizovaného systému identifikace otisků prstů (AFIS).;Tunnistusjärjestelmän tulee sisältää manuaaliset ja/tai tietokonepohjaiset vertailut. (menettely/ohje);Η αξιολόγηση των ικανοτήτων θα περιλαμβάνει χειροκίνητες και/ή ηλεκτρονικές συγκρίσεις και τη χρήση οποιουδήποτε αυτοματοποιημένου συστήματος αναγνώρισης δακτυλικών αποτυπωμάτων (AFIS). (διαδικαστικό/επιμορφωτικό πλαίσιο);A avaliação de competências deverá incluir comparações manuais e/ou assistidas por computador e a utilização de qualquer sistema de identificação automatizada de impressões digitais (AFIS).
NTFS (New Technology File System);Digital technology;NTFS (souborový system NTFS);NTFS-tiedostojärjestelmä;Σύστημα Αρχείων Νέας Τεχνολογίας (NTFS) ;NTFS (Sistema de Ficheiros de Nova Tecnologia);noun;1;NTFS (New Technology File System) is the primary file system used by Windows operating systems for organising, storing, and managing files and directories on devices.;registers;registry;rekisterit;μητρώα;Registos;N/A;N/A;ei saatavissa/ei käytettävissä;μη διαθέσιμο;N/A;- know how to act in line with basic digital forensic procedures in NTFS and other file systems;umět postupovat v souladu se základními postupy digitálního forenzního zkoumání v NTFS a dalších souborových systémech;Digitaalisessa rikostekniikassa tulee hallita erilaisia tiedostojärjestelmiä.;να γνωρίζουν πώς να ενεργούν βάσει των στοιχειωδών διαδικασιών ψηφιακής εγκληματολογίας σε NTFS - Σύστημα Αρχείων Νέας Τεχνολογίας και άλλα συστήματα αρχείων;Saber atuar em conformidade com os procedimentos forenses digitais básicos em NTFS e noutros sistemas de ficheiros.
Network address;Digital evidence;síťová adresa;Verkko-osoite;Διεύθυνση δικτύου;Endereço de rede;noun;3;A network address is an identifier for locating devices, users, and communications within network infrastructures.;N/A;N/A;ei saatavissa/ei käytettävissä;μη διαθέσιμο;N/A;translation;překlad;käännös;μετάφραση;N/A;The obtaining of base station data refers to the obtaining of information on the network address and terminal end devices of persons who have logged in or who are logging on to a telecommunications system through a certain base station. (legislative);Získávání údajů o základnových stanicích se týká získávání informací o síťové adrese a koncových zařízeních osob, které se přihlásily nebo se přihlašují do telekomunikačního systému prostřednictvím určité základnové stanice. (legislativní);Tukiasematietojen hankkimisella tarkoitetaan sellaisten henkilöiden verkko-osoitteita ja päätelaitteita koskevien tietojen hankkimista, jotka ovat kirjautuneet tai kirjautuvat tietoliikennejärjestelmään tietyn tukiaseman kautta. (lainsäädäntö);Ως απόκτηση δεδομένων σταθμού βάσης θεωρείται η συλλογή πληροφοριών σχετικά με τη διεύθυνση δικτύου και τις τερματικές συσκευές ατόμων, τα οποία έχουν συνδεθεί ή συνδέονται σε ένα σύστημα τηλεπικοινωνιών, μέσω ενός συγκεκριμένου σταθμού βάσης. (νομοθετικό πλαίσιο);A obtenção de dados de uma estação de base refere-se à obtenção de informação sobre o endereço de rede e os equipamentos terminais de pessoas que se tenham ligado ou que se estejam a ligar a um sistema de telecomunicações através de uma determinada estração de base.
Code;Digital evidence or legal framework;zakoník/kód;koodi;Κωδικός;Código;noun;3;A code refers to a password or an identifier used to control access to systems, devices, data, or protected resources, such as an access code. A code also refers to a formal document issued by regulatory or authoritative bodies that sets out requirements, standards, and procedures for conducting forensic activities to ensures quality, reliability, and legal compliance, such as codes of practice.;penal;trestní;rangaistava;ποινικός;Penal;comes;přichází/pochází;saapua;προκύπτει;vem (do verbo “vir”);If these materials are not available and deactivation is not possible due to an access code or malfunction of the device, remove the SIM card(s), if present. (procedural/instructive);Pokud tyto materiály nejsou k dispozici a deaktivace není možná z důvodu přístupového kódu nebo poruchy zařízení, vyjměte SIM kartu (karty), pokud se v zařízení nachází/nacházejí. (postup/pokyny);Salasanat ja erilaiset pääsykoodit tulee huomioida myös rikostekniseen tutkimukseen toimitettavissa laitteissa. (menettely/ohje);Σε περίπτωση που τα υλικά αυτά δεν είναι διαθέσιμα και η απενεργοποίηση δεν είναι εφικτή λόγω ενός κωδικού πρόσβασης ή μιας δυσλειτουργίας της συσκευής, αφαιρέστε την κάρτα ή (τις κάρτες) SIM, εάν υπάρχει (υπάρχουν). (διαδικαστικό/επιμορφωτικό πλαίσιο);Se estes materiais não estiverem disponíveis e a desativação não for possível devido a um código de acesso ou a uma avaria do dispositivo, remova o(s) cartão(ões) SIM, se existentes.
Decode/Decoding;Digital forensics method;dekódovat/dekódování;koodin purku, suojauksen purku;Αποκωδικοποίηση/Αποκωδικοποιώντας;Descodificar / Descodificação;verb;1;Decoding is the process of converting encoded, encrypted, or protected information into readable or usable form by reversing the encoding or encryption mechanism.;protection;ochrana;suoja;προστασία;Proteção;system;systém(systému);järjestelmä;σύστημα;Sistema;The prosecutor shall not bring charges for a violation of the secrecy of communications, an aggravated violation of the secrecy of communications, interference with an information system, unlawful access to an information system or an offence involving a protection decoding system, unless the injured party reports the offence for prosecution or unless the perpetrator committed the offence while in the service of a public postal or telecommunications institution or unless a  very important public interest requires that charges be brought. (legislative);Státní zástupce nevznese obvinění z porušení tajemství komunikace, závažného porušení tajemství komunikace, zasahování do informačního systému, neoprávněného přístupu k informačnímu systému nebo trestného činu týkajícího se systému ochrany dekódování, pokud poškozený neoznámil trestný čin nebo pokud pachatel nespáchal trestný čin při výkonu služby ve veřejné poštovní nebo telekomunikační instituci nebo pokud  velmi důležitý veřejný zájem nevyžaduje vznesení obvinění. (legislativní);Syyttäjä ei saa nostaa syytettä viestintäsalaisuuden rikkomisesta, törkeästä viestintäsalaisuuden rikkomisesta, tietojärjestelmään puuttumisesta, laittomasta pääsystä tietojärjestelmään tai suojauksen purkurikoksesta, ellei vahinkoa kärsinyt ilmoita rikoksesta syytteeseenpanoa varten tai ellei tekijä ole syyllistynyt rikokseen ollessaan yleisen posti- tai telelaitoksen palveluksessa tai ellei erittäin tärkeä yleinen etu edellytä syytteen nostamista. (lainsäädäntö);Ο εισαγγελέας δεν θα ασκήσει δίωξη για μια απλή ή σοβαρή περίπτωση παραβίασης του απορρήτου των επικοινωνιών, για μια παρεμβολή σε σύστημα πληροφοριών ή για μια παράνομη πρόσβαση σε αυτό ή ακόμη και για ένα αδίκημα που αφορά το σύστημα αποκωδικοποίησης . Αυτό θα συμβεί μόνο εάν ο θύτης καταγγείλει το αδίκημα ή εάν ο δράστης διέπραξε το αδίκημα ενώ υπηρετούσε σε δημόσιο ταχυδρομικό ή τηλεπικοινωνιακό ίδρυμα. Τέλος αυτό θα συμβεί, εάν υπάρχει πολύ σημαντικό δημόσιο συμφέρον που απαιτεί την άσκηση δίωξης. (νομοθετικό πλαίσιο).;O Ministério Público não promoverá o processo penal por crime de violação do segredo das correspondências ou de telecomunicações, por crime de violação agravada, por crime de sabotagem informática, por crime de acesso ilegítimo a sistema de informação ou por crime relacionado com sistemas de descodificação de proteção, salvo se o ofendido apresentar queixa, ou se o agente tiver cometido o crime ao serviço de uma instituição pública de correios ou de telecomunicações, ou ainda se um interesse público de especial importância o exigir.
Storage devices;Digital equipment;paměťová zařízení;tallennuslaitteet;Συσκευές αποθήκευσης;Dispositivos de Armazenamento;noun;3;Storage devices are physical equipment or media used to record, retain, and retrieve digital data, ranging from internal computer components to external and removable media.;digital;digitální;digitaalinen, elektroninen;ψηφιακές;Digital;located;umístěný;sijaitsi;βρίσκονται;Localizado;Pay close attention to small digital storage devices, such as external discs or USB memory sticks, as well as generic digital storage devices such as cameras. (procedural/instructive);Věnujte zvláštní pozornost malým digitálním paměťovým zařízením, jako jsou externí disky nebo USB flash disky, stejně jako běžným digitálním paměťovým zařízením, jako jsou fotoaparáty. (procedurální/instruktážní);Kiinnitä huomiota pieniin digitaalisiin tallennuslaitteisiin, kuten ulkoisiin levyihin tai USB-muistitikuihin, sekä yleisiin digitaalisiin tallennuslaitteisiin, kuten kameroihin. (menettely/ohje);Να δώσετε ιδιαίτερη βαρύτητα στις μικρές ψηφιακές συσκευές αποθήκευσης, όπως είναι οι εξωτερικοί δίσκοι ή τα USB στικάκια μνήμης, καθώς και οι συνηθισμένες ψηφιακές συσκευές αποθήκευσης, δηλαδή οι φωτογραφικές μηχανές. (διαδικαστικό/επιμορφωτικό πλαίσιο);Preste muita atenção a pequenos dispositivos de armazenamento digital, tais como discos externos ou pens USB, bem como a dispositivos de armazenamento digital genéricos, como câmaras fotográficas.
Blockchain;Digital technology;blockchain (blokový řetězec);lohkoketju;Τεχνολογία Blockchain;Blockchain / Rastreamento de transações;noun;1;Blockchain is a system that records and shows every past transaction in a chronological, permanent, and publicly verifiable manner.;bitcoin;bitcoin;bitcoin, kryptovaluutta Bitcoin;κρυπτονόμισμα-Bitcoin;Bitcoin;technology;technologie;teknologia;τεχνολογία;Tecnologia;Most, but not all, cryptocurrencies use blockchain technology. (procedural/instructive);Většina kryptoměn, ne však všechny, využívá technologii blockchain. (procedurální/instruktivní);Useimmat, mutta eivät kaikki, kryptovaluutat käyttävät lohkoketju-tekniikkaa. (menettely/ohje);Η τεχνολογία blockchain χρησιμοποιείται στα περισσότερα κρυπτονομίσματα, αλλά όχι σε όλα. (διαδικαστικό/επιμορφωτικό πλαίσιο);A maioria das criptomoedas, mas não todas, utiliza a tecnologia blockchain.
Encryption;Digital forensics method;šifrování;salaus;Κρυπτογράφηση;Encriptação;noun;3;Encryption is a technique used by businesses, governments and individuals for encoding personal or commercially sensitive digital files using an encryption key or algorithm. In end-to-end encryption, only the sender and receiver can decrypt and receive digital information.;optional;volitelný;valinnainen, optio;προαιρετικό;Opcional;systems;mobilní telefony může aktivovat uživatel. (procedurální/instruktážní);Mobiililaitteet voivat olla käyttäjän salaamia. (menettely/ohje);τα κινητά τηλέφωνα μπορούν να ενεργοποιηθούν από τον χρήστη. (διαδικαστικό/επιμορφωτικό πλαίσιο);Os telemóveis podem ser ativados pelo utilizador.;To date, the optional encryption on most computers and mobiles can be activated by the user. (procedural/instructive);;;;
After First Unlock (AFU);Digital evidence;po prvním odemknutí (After First Unlock (AFU));After First Unlock-tila (AFU);Μετά το πρώτο ξεκλείδωμα (AFU);AFU (Após o primeiro desbloqueio);noun;2;After First Unlock is a state where a device has been found actively running and unlocked.;N/A;N/A;ei saatavissa/ei käytettävissä;μη διαθέσιμο;N/A;(AFU);Poté jsem jako příklad předvedl, jak lze zjistit, zda se zařízení nachází v AFU nebo v BFU stavu. (výzkumná data);Forensiikassa voidaan osoittaa se, miten voi päätellä, onko laite AFU- vai BFU-tilassa. (tutkimustieto);Στη συνέχεια, έδειξα για παράδειγμα πώς μπορεί κάποιος να διαπιστώσει αν η συσκευή βρίσκεται σε κατάσταση AFU - μετά το πρώτο ξεκλείδωμα ή BFU – πριν από το πρώτο ξεκλείδωμα. (δεδομένα έρευνας);Posteriormente, passei a demonstrar um método que permite determinar se um dispositivo está no estado AFU (After First Unlock) ou BFU (Before First Unlock).;After that, I demonstrated for example how one can conclude whether the device is in the AFU or BFU state. (research data);;;;
Full extraction;Digital forensics method;úplná extrakce/úplné stažení;täydellinen jäljennös;Πλήρης εξαγωγή;Extração completa;noun;2;Full extraction is a process of full data recovery from a digital device (a bit-for-bit copy of the entire storage system) which often precedes a more in-depth forensic examination.;N/A;N/A;ei saatavissa/ei käytettävissä;μη διαθέσιμο;N/A;N/A;V této konkrétní situaci by tedy bylo normální, že přesně nevědí, co chtějí a požádají nás o úplnou extrakci/úplné stažení a my provedeme úplné stažení/úplnou extrakci. (výzkumná data);Jos tutkintatilanteessa ei tarkalleen tiedetä, mitä laitteelta tulisi etsiä, voi pyyntönä olla koko laitteen tietosisällön jäljentäminen. (tutkimustieto);Επομένως, θα ήταν φυσιολογικό για αυτούς στη συγκεκριμένη αυτή περίπτωση να μην γνωρίζουν με ακρίβεια τι είναι αυτό που θέλουν, θα μας ζητούσαν λοιπόν πλήρη εξαγωγή στοιχείων και εμείς θα τους την παρείχαμε. (δεδομένα έρευνας);"Portanto, nesta situação específica, seria normal que eles não soubessem exatamente o que queriam; pedir-nos-iam uma extração completa e nós entregaríamos uma extração completa.";So, in this particular situation, it would be normal for them not to know exactly what they wanted, they would ask us for a full extraction and we would return a full extraction. (research data);;;;
Forensic tools;Digital forensics method;forenzní nástroje;forensiset, rikostekniset työkalut;Εγκληματολογικά εργαλεία;;noun;3;Forensic tools refer to commercial and non-commercial hardware or software used to extract, preserve or interpret (digital) forensic evidence for use in legal proceedings.;trusted;důvěryhodný;luotettava;αξιόπιστα;Confiáveis;N/A;Pro tento typ zajištění je nutné použít speciální forenzní nástroje a měls by být prováděn přednostně osobami, které jsou s tímto typem zařízení obeznámeny nebo prošly speciálním školením. (procesní/instruktážní);Tietoteknisten tutkijoiden tulee olla erityiskoulutuksen saaneita tai muutoin tiettyihin menetelmiin, laitteisiin tai rikosteknisiin välineisiin perehtyneen henkilöstön vastuulla. (menettely/ohje);Για αυτόν τον τύπο συλλογής στοιχείων απαιτείται η χρήση εξειδικευμένων εγκληματολογικών εργαλείων Επίσης τη συλλογή αυτή των στοιχείων θα πρέπει να πραγματοποιεί κατά προτίμηση προσωπικό που είναι έμπειρο στη χρήση αυτού του τύπου συσκευών ή έχει λάβει ειδική εκπαίδευση.;Para este tipo de recolha, devem ser utilizadas ferramentas forenses específicas, devendo a mesma ser, preferencialmente, realizada por pessoal familiarizado com este tipo de dispositivo ou com formação específica.;For this type of collection, specific forensic tools must be used, and it should preferably be carried out by personnel familiar with this type of device or with specific training. (procedural/instructive);;;;
Digital forensic;Digital forensics method;digitální forenzní zkoumání;digitaaliforensiikka, digitaalinen rikostekniikka, ICT-tutkinta;Ψηφιακό εγκληματολογικό;Forense digital;adjective;3;Digital forensic means referring to the scientific extraction, preservation or interpretation of digital evidence for use in legal proceedings.;awaiting;čekající;odottava, edessä oleva;αναμονή;Aguardando;hub;"Analytická látka je látka, která má být identifikována nebo změřena; v digitální forenzní vědě může zahrnovat i data jako předmět analýzy. (legislativní)";Digitaalisessa forensiikassa (tietoteknisessä rikostekniikassa) forensisen analyysin painopiste on sisällyttää saatavissa olevat tiedot. (lainsäädäntö);Στην ψηφιακή εγκληματολογία, μια αναλυόμενη Ουσία που πρέπει να ταυτοποιηθεί ή να μετρηθεί, ενδέχεται να περιλαμβάνει δεδομένα που αποτελούν αντικείμενο της ίδιας της έρευνας. (νομοθετικό πλαίσιο);"Analito: Substância a ser identificada ou medida; na ciência forense digital, o termo pode ser entendido como abrangendo os dados que constituem o foco da análise.";"Analyte Substance to be identified or measured; in digital forensic science it may be taken to include data as the focus of the analysis. (legislative)";;;;
Faraday bag;Digital forensics method;Faradayovo pouzdro;Faradaypussi, -laukku;Τσάντα Faraday;Saco Faraday;noun;2;A Faraday bag is a specialised container made from layers of metallic fabric in which a live device can be placed to block incoming and outgoing communications.;larger;větší;laajempi;μεγαλύτερη;Maior;N/A;Jakmile jsme vložili powerbanku dovnitř, uzavřeli jsme Faradayovo pouzdro. Není to ideální řešení, ale je lepší než úplně vypnout zařízení a ztratit tak možnost přístupu k dalším funkcím. (výzkumná data);Laitteen sulkeminen Faraday-laukkuun voi turvata käynnissä olevan laitteen tiedot. (tutkimustieto);Μόλις τοποθετήσαμε το power bank, κλείσαμε τη τσάντα Faraday. Δεν είναι η καλύτερη λύση, αλλά είναι προτιμότερη επιλογή από το να απενεργοποιήσουμε εντελώς τη συσκευή και να χάσουμε τη δυνατότητα πρόσβασης σε αυτήν. (δεδομένα έρευνας);Depois de ligar a bateria portátil, selámos o saco Faraday. Reconheço que não é a solução perfeita, mas foi preferível a deixar que o aparelho se desligasse por completo, o que nos faria perder a capacidade de realizar certos tipos de extração.;Once we put the power bank in, we closed the faraday bag, it's not the best but better than turning the power off completely and then losing some other ability to access it. (research data);;;;
Live forensics;Digital forensics method;forenzní zkoumání živých systémů;Live-forensiikka;Ζωντανή εγκληματολογική εξέταση;Análise forense em tempo real;noun;2;Live forensics refers to the branch of digital forensic investigation which performs extraction, preservation and interpretation of digital evidence from a device which is actively running.;N/A;N/A;ei saatavissa/ei käytettävissä;μη διαθέσιμο;N/A;approach;Je třeba poznamenat, že ve forenzním zkoumání živých systémů není vždy možné předem vědět, který přístup přinese nejlepší výsledky (procedurální/instruktivní).;Ennalta ei ole aina tiedossa, mikä lähestymistapa rikosteknisessä tutkinnassa tuottaisi parhaat tulokset. (menettely/ohje);Πρέπει λοιπόν να επισημανθεί ότι στην επιτόπια εγκληματολογική εξέταση δεν είναι πάντα δυνατό να γνωρίζουμε εκ των προτέρων ποια προσέγγιση θα αποφέρει τα καλύτερα αποτελέσματα. (διαδικαστικό πλαίσιο/επιμορφωτικό πλαίσιο);E, deve notar-se que, em análise forense em tempo real, nem sempre é possível saber à partida que abordagem produzirá os melhores resultados.;And, it should be noted that in live forensics it is not always possible to know upfront which approach will yield the best results. (procedural/instructive);;;;
SIM card;Digital evidence;SIM karta;sim-kortti, SIM-kortti, SIM;Κάρτα SIM;SIM card / Cartão SIM;noun;3;A SIM card is a removable smart card type printed circuit used in mobile phone devices to identify, control and store data from cellular networks. It securely stores the International Mobile Subscriber Identity (IMSI) and authentication key used to identify and authenticate a subscriber on mobile telephony devices.;removable;vyjímatelný;poistettava, irrotettava;αποσπώμενη;Removível;inside;Mobilní telefony a tablety mohou ukládat důkazní data přímo do své vnitřní paměti, na SIM kartu, na vyměnitelné paměťové karty nebo do cloudových úložišť. (procesní/instruktážní);Matkapuhelimet ja tabletit voivat tallentaa todistusmateriaalia suoraan sisäiseen muistiinsa, SIM-kortille, irrotettaville mediakorteille tai pilvitallennuspalveluihin. (menettely/ohje);Τα κινητά τηλέφωνα και τα tablet μπορούν να αποθηκεύουν αποδεικτικά στοιχεία απευθείας στην εσωτερική τους μνήμη, στην κάρτα SIM, σε αφαιρούμενες κάρτες μνήμης ή σε υπηρεσίες αποθήκευσης στο cloud. (διαδικαστικό/επιμορφωτικό πλαίσιο);Os telemóveis e tablets podem armazenar dados probatórios diretamente na sua memória interna, no cartão SIM, em cartões de memória amovíveis ou em serviços de armazenamento na nuvem.;Mobile telephones and tablets can store evidential data directly to their internal memory, on the SIM card, to removable media cards, or to cloud storage services. (procedural/instructive);;;;
Log files;Digital evidence;logovací soubory;lokitiedot, logit;Αρχεία καταγραφής;Ficheiros de registos (logs);noun;3;Log files are files that a system writes to record significant events. They include information such as when a user logs onto a system, the hardware used with a system (such as printers, removable storage devices), data about network connections, and other system activities. Log files can be used to assist in identifying offending IP addresses that were logged at the time of an attack, as well as for investigating various security incidents and system events.;computer;počítač;tietokone;υπολογιστής;Computador;N/A;Musel jsem najít vlastní způsob, jak lokalizovat logovací soubory a nakonec skutečně byly v notebooku. (Výzkumná data);Minun oli löydettävä oma keinoni löytää lokitiedostot ja ne olivat todellakin kannettavassa tietokoneessa. (Tutkimustieto);Χρειάστηκε να αναζητήσω μόνος μου τα αρχεία καταγραφής και πράγματι τα εντόπισα στον φορητό υπολογιστή. (Δεδομένα έρευνας);Tive de descobrir por mim mesmo como encontrar os ficheiros de registo, mas acabei por confirmar que eles estavam mesmo no portátil.;I had to find my own way to locate the log files and indeed they were on the laptop. (Research data);;;;
IMEI (International Mobile Equipment Identity);Digital evidence;IMEI  (mezinárodní identita mobilního zařízení);IMEI, IMEI-tunnus (kansainvälinen mobiililaitetunnus);IMEI (Διεθνής αναγνωριστικός αριθμός κινητού τηλεφώνου);IMEI (Identidade Internacional de Equipamento Móvel);noun;2;An International Mobile Equipment Identity (IMEI) is a unique fifteen digit serial number which allows the investigator to identify the manufacturer and serial number of the model of a mobile phone.;N/A;N/A;ei saatavissa/ei käytettävissä;μη διαθέσιμο;N/A;numbers;Pokud byl mobilní telefon nalezen jako ztracená věc nebo existuje podezření, že byl odcizen, je třeba zjistit a zaznamenat číslo IMEI. (procedurální/instruktážní);Jos löydettyä matkapuhelinta epäillään varastetuksi, IMEI-numeron avulla tunnistettu laite on mahdollista palauttaa omistajalleen. (menettely/ohje);Όταν ένα κινητό τηλέφωνο έχει ανακτηθεί ως απολεσθέν αντικείμενο ή υπάρχει υποψία ότι έχει κλαπεί, πρέπει να προσδιοριστεί και να ανακτηθεί ο αριθμός IMEI. (διαδικαστικό/επιμορφωτικό πλαίσιο);Quando um telemóvel é recuperado, quer como um bem achado, quer por suspeita de ser roubado, o seu número IMEI deve ser identificado e registado.;Where a mobile telephone has been recovered as either found property or is suspected as stolen, the IMEI number should be identified and recovered. (procedural/instructive);;;;
Personal data;Digital evidence;osobní data/údaje;henkilötieto;Προσωπικά δεδομένα;Dados pessoais;noun;3;Information relating to an identified or identifiable natural person (i.e. 'data subject). These include addresses, contacts, codes etc.;processing;zpracování;käsittelyssä;επεξεργασία;Processamento;breach;porušení;murto, rikkoa;παραβίαση;Violação;Article 5 of the GDPR prescribes the principles relating to the general processing of personal data. (procedural/instructive);Článek 5 GDPR stanoví zásady týkající se obecného zpracování osobních údajů. (procesní/instruktivní);Yleisen tietosuoja-asetuksen (GDPR) 5 artiklassa säädetään henkilötietojen yleiseen käsittelyyn liittyvistä periaatteista. (menettely/ohje);Το άρθρο 5 του ΓΚΠΔ (Γενικού Κανονισμού για την Προστασία Δεδομένων) ορίζει τις αρχές που ισχύουν κατά τη γενική επεξεργασία των προσωπικών δεδομένων. (διαδικαστικό/επιμορφωτικό πλαίσιο);O Artigo 5.º do RGPD prescreve os princípios relativos ao tratamento de dados pessoais.
Logs;Digital evidence;logy/protokolové soubory;lokitiedot, lokit;Αρχεία καταγραφής;Registos;noun;2;Log files, or event logs, are files that a system writes to record significant events. These include information such as when a user logs onto the system, the hardware used with the system (such as printers or removable storage), and data about network connections.;chat;chat;chat;συνομιλία;Conversa;saved;uložený;tallennettu;αποθηκευμένα;Guardado;There is usually an option for a user to save chat logs but more often than not the default setting is for logs not to be saved. (procedural/instructive);Uživatel má obvykle možnost ukládat protokoly/logy chatů, ale ve většině případů je výchozí nastavení takové, že protokoly/logy se neukládají. (procedurální/instruktážní);Käyttäjällä on yleensä mahdollisuus tallentaa halutessaan keskustelulokeja. (menettely/ohje);Υπάρχει συνήθως η δυνατότητα να αποθηκεύσει ο χρήστης τα αρχεία καταγραφής των συνομιλιών, αλλά τις περισσότερες φορές η ρύθμιση που προεπιλέγεται ορίζει τη μη αποθήκευση των αρχείων αυτών. (διαδικαστικό/επιμορφωτικό πλαίσιο);Normalmente, existe uma opção para o utilizador guardar os registos de chat, mas, na maioria das vezes, a definição padrão é a de não guardar os registos.
Digital forensic report;Digital forensics documentation;znalecký posudek z oblasti forenzního digitálního zkoumání;digitaaliforensiikan raportti;‘Εκθεση ψηφιακής εγκληματολογίας;Relatório de Perícia Digital Forense;noun;1;A digital forensic report is a formal document that presents the findings, methodologies, and conclusions from a digital forensic investigation. It details what digital evidence was collected, how it was analysed, and what relevant information was discovered from computers, mobile devices, networks, or other digital sources.;N/A;N/A;ei saatavissa/ei käytettävissä;μη διαθέσιμο;N/A;contained;obsažený;sisällytetty;μη διαθέσιμο;Contidas;The reason for this meeting was to discuss the digital forensic report as the evidence contained within the report is crucial as it corroborates the intelligence received. (research data);Důvodem tohoto setkání bylo projednání znaleckého posudku z oblasti digitálního forenzního zkoumání, protože důkazy obsažené v této zprávě jsou klíčové, jelikož potvrzují získané zpravodajské informace. (výzkumná data);Digitaalinen rikostekninen raportti voi sisältää tietoa ratkaisevia todisteista ja vahvistaa ja/tai poissulkea muita rikokseen liittyviä tietoja ja/tai väitteitä.  (tutkimustieto);Ο σκοπός αυτής της συνάντησης ήταν να συζητηθεί η έκθεση ψηφιακής εγκληματολογίας, καθώς τα στοιχεία που περιέχονται στην έκθεση αυτή είναι ζωτικής σημασίας γιατί επιβεβαιώνουν τις πληροφορίες που έχουν ήδη συγκεντρωθεί. (δεδομένα έρευνας);O motivo desta reunião foi discutir o relatório de perícia digital forense, visto que as provas nele contidas são cruciais, pois corroboram as informações recebidas.
Forensic investigation;Digital forensics method;forenzní vyšetřování;rikostekninen, forensinen tutkinta;Εγκληματολογική έρευνα;Investigação Forense;noun;3;A forensic investigation is a systematic process of identifying, preserving, analysing, and documenting digital evidence to determine what happened during a security incident, crime, or other event of interest.;patrol's;hlídkový;partioiden;περιπολίας;;centre/centres;centrum/centra;keskus/keskukset;κέντρο/ κέντρα, κόμβος/κόμβοι;Centro / Centros - Núcleo / Núcleos;Each police department has a forensic investigation centre subordinate to the commanding officer, which can operate at one or more locations. (procedural/instructive);Každé policejní oddělení má forenzní vyšetřovací centrum podřízené velícímu důstojníkovi, které může působit na jednom nebo více místech. (procesní/instruktážní);Jokaiselle poliisilaitoksella on vähintään yksi oma rikostutkimuskeskus. (menettely/ohje);Κάθε αστυνομικό τμήμα διαθέτει ένα κέντρο εγκληματολογικών ερευνών που υπάγεται στον επικεφαλής αξιωματικό και μπορεί να λειτουργεί σε μία ή περισσότερες τοποθεσίες. (διαδικαστικό/επιμορφωτικό πλαίσιο);Cada departamento de polícia dispõe de um núcleo de investigação forense, que se encontra na dependência hierárquica do comandante e que pode funcionar em uma ou mais instalações.
Laptop;Digital evidence or Digital equipment;notebook;kannettava tietokone;Φορητός υπολογιστής;Computador Portátil;noun;2;A laptop is a portable personal computer with an integrated display, keyboard, and pointing device, capable of operating on battery power or AC connection. It is distinguished from desktop computers by its portability and integrated components, from tablets by its attached physical keyboard, and from smartphones by its larger form and full operating system designed for general-purpose computing tasks.;stand-alone;samostatný;irrallinen;αυτόνομος;Stand-Alone / Autónoma;Battery;baterie;paristo, virtalähde, akku;μπαταρία;Bateria;Be aware that some laptop computers may power on by opening the lid. (procedural/instructive);Upozorňujeme, že některé notebooky se mohou zapnout otevřením víka. (procedurální/instruktážní);Huomaa, että jotkin kannettavat tietokoneet voivat käynnistyä avaamalla kannen. (menettely/ohje);Λάβετε υπόψη ότι ορισμένοι φορητοί υπολογιστές ενδέχεται να ενεργοποιηθούν με το άνοιγμά τους. (διαδικαστικό/επιμορφωτικό πλαίσιο);Tenha em atenção que alguns computadores portáteis se podem ligar ao abrir a tampa.
Format;Document format;formát;formaatti, tiedostomuoto;Μορφή/Μορφοποίηση;Formato;noun;3;A format refers to the specific structure, encoding, or organization of digital data that determines how information is stored and interpreted. Any media produced whereby original data has been converted to a different format during a forensic examination should be conspicuously marked or uniquely identifiable.;native;nativní;alkuperäinen;φυσική;Nativo;conversion;konverze;konversio, konvertointi;μετατροπή;Conversão;Video footage should be extracted in its native format in order to maintain image quality and be stored as a master copy to be available for any future forensic examination/analysis. (legislative);Videozáznamy by měly být extrahovány v původním formátu, aby byla zachována kvalita obrazového materiálu a měly by být uloženy jako originální kopie, která bude k dispozici pro případné budoucí forenzní vyšetřování/analýzu. (legislativní);Videomateriaali olisi purettava sen alkuperäisessä muodossa, jotta kuvanlaatu säilyisi. Materiaali tulisi tallentaa kopiona, jotta se olisi käytettävissä kaikissa tulevissa rikosteknisissä tutkimuksissa/analyyseissä. (lainsäädäntö);Τα βίντεο πρέπει να εξάγονται στην αρχική τους μορφή, προκειμένου να διατηρηθεί η ποιότητα της εικόνας καθώς και να αποθηκεύονται ως πρωτότυπα αντίγραφα, ώστε να είναι διαθέσιμα για τυχόν μελλοντική εγκληματολογική εξέταση/ανάλυση. (νομοθετικό πλαίσιο);A extração de gravações de vídeo deve ser efetuada no seu formato original para preservar a qualidade da imagem. Esta extração servirá como cópia-matriz, que ficará arquivada para fins de qualquer perícia ou análise forense subsequente.
Artificial intelligence (AI);Digital technology;umělá intelligence (AI);tekoäly;Τεχνητή νοημοσύνη (ΤΝ);Inteligência Artificial  (IA);adjective;2;Artificial intelligence (AI) refers to the use of machine learning algorithms and automated reasoning systems. They may be integrated in digital forensic analysis processes, such as automated image and text categorisation.;integrating;integrující;yhteensopiva, integroitava;ενσωμάτωση;Integrar;AI;AI;AI, tekoäly;Τεχνητή νοημοσύνη (ΤΝ);AI / IA;Today I had a long discussion with a fellow digital evidence examiner about integrating artificial intelligence (AI) into digital evidence analysis processes. (research data);Dnes jsem měl dlouhou diskusi s kolegou, který se zabývá zkoumáním digitálních důkazů, o integraci umělé inteligence (AI) do procesů analýzy digitálních důkazů. (výzkumná data);Tekoälyn hyödyntäminen tulevaisuudessa myös digitaalisen todistusaineiston analysointiprosesseissa, saattaa olla mahdollista. (tutkimustieto);Είχα σήμερα μια μακρά συζήτηση με έναν συνάδελφο, εξεταστή ψηφιακών πειστηρίων, σχετικά με την ενσωμάτωση της τεχνητής νοημοσύνης (ΤΝ) στις διαδικασίες ανάλυσής τους. (δεδομένα έρευνας);Hoje tive uma longa discussão com um colega, também perito em análise de provas digitais, sobre a integração da inteligência artificial (IA) nos processos de análise forense digital.
Forensic examination;Digital forensics method;forenzní zkoumání;forensinen, rikostekninen tutkinta;Εγκληματολογική εξέταση;Exame forense;noun;3;A forensic examination, within digital forensics, refers to the detailed, technical analysis phase of a forensic investigation where digital evidence is systematically inspected to extract relevant information for use in legal proceedings.;full;úplný;täysi;πλήρης;Completo;requests;požadavky;pyynnöt;αιτήματα;Pedidos;The packaging for samples or items shall preserve the integrity of the material for forensic examination and minimise the risk of loss, degradation or contamination. (legislative);Balení vzorků nebo předmětů musí zachovat neporušenost materiálu pro forenzní zkoumání a minimalizovat riziko ztráty, poškození nebo kontaminace. (legislativní);Näytteiden tai esineiden pakkauksissa on säilytettävä materiaalin eheys niiden rikosteknistä tutkimusta varten ja minimoitava häviämis-, rikkoontumis- tai kontaminaatioriskit. (lainsäädäntö);Η κατάλληλη συσκευασία των δειγμάτων ή των αντικειμένων, πρέπει να διασφαλίζει την ακεραιότητα του υλικού που προορίζεται για εγκληματολογική εξέταση και να ελαχιστοποιεί τον κίνδυνο απώλειας, αλλοίωσης ή μόλυνσης. (νομοθετικό πλαίσιο);A embalagem das amostras ou dos itens deve preservar a integridade do material para o exame forense e minimizar o risco de perda, degradação ou contaminação.
Restart;Digital forensics methods;restartovat;uudelleenkäynnistys;Επανεκκίνηση;Reiniciar;verb;1;Restart refers to the process of shutting down and reinitializing a computer system\'s operating system and hardware components. A restart is forensically significant because it clears volatile memory (RAM) that may contain encryption keys, running processes, network connections, and other ephemeral evidence. Right: N/A;N/A;N/A;ei saatavilla/ei käytettävissä;μη διαθέσιμο;N/A;N/A;N/A;ei saatavilla/ei käytettävissä;μη διαθέσιμο;N/A;"In this case, when speaking about technical matters, I used idioms: ""the status of the device is good"", ""restart"". ""security code"", ""cracking"". (research data)";V tomto případě jsem při hovoru o technických záležitostech použil idiomy: „stav zařízení je dobrý“, „restartovat“, „bezpečnostní kód“, „prolomení“. (výzkumná data);"Tässä tapauksessa, kun puhutaan teknisistä asioista, käytin idiomeja: ""laitteen tila on hyvä"", ""uudelleenkäynnistys"". ""turvakoodi"", ""cracking/murtaminen"". (tutkimustieto)";Στην περίπτωση αυτή, κατά τη διάρκεια της συζήτησης πάνω σε τεχνικά θέματα, χρησιμοποίησα ιδιαίτερες λέξεις και εκφράσεις όπως: «η κατάσταση της συσκευής είναι καλή», «επανεκκίνηση», «κωδικός ασφαλείας», «παραβίαση». (δεδομένα έρευνας);Nesta situação, para discutir os aspetos técnicos, recorri a jargão e a simplificações como: 'o aparelho está bom', 'reiniciar', 'código de segurança' e 'cracking'
Internet;Digital technology;internet;Internet, Internetti, netti;Διαδίκτυο;Internet;noun;3;The term internet is a contraction of the terms 'Interconnected Network' and refers to the set of global computer networks linked together using the TCP/IP protocol. In digital forensics, the internet is significant as both a source of evidence (connection records, browsing history, communications, cloud-stored data) and a medium through which crimes are committed or investigated.. Right: protocol;full;úplný;täysi;στο σύνολό του;Completo;N/A;protokol;protokolla;πρωτόκολλο;Protocolo;Computers connected to the internet communicate with each other using the Internet Protocol (IP). (procedural/instructive);úplný;Internetiin liitetyt tietokoneet kommunikoivat keskenään Internet Protocol (IP) -protokollan avulla. (menettely/ohje);Οι υπολογιστές που είναι συνδεδεμένοι στο διαδίκτυο επικοινωνούν μεταξύ τους χρησιμοποιώντας το πρωτόκολλο διαδικτύου (IP). (διαδικαστικό/επιμορφωτικό πλαίσιο;Os computadores ligados à internet comunicam entre si utilizando o Protocolo de Internet (IP)
Upload;Digital technology;nahrát;lataus;Μεταφόρτωση;Carregar /enviar;noun;1;Upload refers to the process of transferring data, files, or audio-visual media (such as video, emergency calls, or recorded interviews) from a local device to a remote location such as a central system, cloud storage (such as iCloud), or digital asset/evidence management system. Right: files;N/A;N/A;ei saatavissa/ei käytettävissä;μη διαθέσιμο;N/a;N/A;files;tiedostot;αρχεία;Ficheiros;Every team would have to have one chief to upload information into the central system. (research data);Každý tým by musel mít jednoho vedoucího, který by nahrával informace do centrálního systému. (výzkumná data);Mahdollinen tietojen lataaminen keskitettyihin järjestelmiin tulee ohjeistaa erikseen. (tutkimustieto);Κάθε ομάδα θα πρέπει να ορίσει έναν επικεφαλής που θα μεταφορτώνει τις πληροφορίες στο κεντρικό σύστημα. (δεδομένα έρευνας);Cada equipa teria de designar um responsável, que ficaria encarregue de carregar a informação no sistema central.
ISO;Legal framework;ISO (mezinárodní organizace pro normalizaci);ISO-laatustandardit, ISO-standardit (kansainvälisen standardisoimisjärjestön määrittämät laatustandardit);ISO;ISO (Organização Internacional de Normalização);noun;3;The ISO (International Organisation for Standardisation) is the largest publisher of quality standards in the world. These standards are critical for regulating business practices and quality standards. ISO has published 23,037 standards and has members in 162 countries, and 788 technical bodies for standard development. Right: standard;International;mezinárodní;kansainvälinen;πρότυπα, αξίες;Internacional;N/A;norma;standardi;;Padrão (norma de referência);Subject to the provisions below, forensic units shall demonstrate compliance with the Code by having accreditation for the FSAs they undertake to an appropriate ISO standard, with the schedule of accreditation including the Code. (legislative);S výhradou níže uvedených ustanovení musí forenzní jednotky prokázat soulad s kodexem tím, že mají akreditaci pro hodnocení funkční bezpečnosti, které provádějí, podle příslušné normy ISO, přičemž harmonogram akreditace musí zahrnovat kodex. (legislativní);Rikosteknisten yksiköiden on osoitettava lainsäädännön ja standardien noudattaminen sekä asianmukaisten akkreditointien voimassaolo.  (lainsäädäntö);Με την επιφύλαξη των παρακάτω διατάξεων, οι εγκληματολογικές μονάδες πρέπει να αποδεικνύουν τη συμμόρφωσή τους με τον Κώδικα, διαθέτοντας πιστοποίηση σχετικά με τους FSA (Νομοθετικούς κώδικες πρακτικής για Δραστηριότητες Εγκληματολογικής Επιστήμης) και - σύμφωνα με το κατάλληλο πρότυπο του Διεθνούς Οργανισμού Τυποποίησης- ISO - κι επιπλέον με ένα πρόγραμμα πιστοποίησης που να περιλαμβάνει τον ίδιο τον Κώδικα. (νομοθετικό πλαίσιο);Sem prejuízo do disposto nas cláusulas seguintes, as unidades forenses devem demonstrar conformidade com o Código através da acreditação, segundo uma norma ISO apropriada, para as Atividades de Ciência Forense que realizam, devendo o respetivo âmbito de acreditação incluir o referido Código.
SD card;Digital evidence or digital equipment;SD karta;SD-kortti, SD-muistikortti;Ψηφιακή Κάρτα SD.;cartão SD;noun;1;An SD card (or Secure Digital card) is a removable flash memory storage device commonly found in cameras, phones, tablets, and other portable devices that serves as a source of digital evidence. Right: N/A;N/A;N/A;ei saatavilla/ei käytettävissä;μη διαθέσιμο;N/A;N/A;N/A;ei saatavilla/ei käytettävissä;μη διαθέσιμο;N/A;The inquiry was regarding recovering data from an SD card that had been corrupted. (research data);Dotaz se týkal obnovení dat z poškozené SD karty. (výzkumná data);Esimerkiksi digitaalisesta forensiikasta voidaan kysyä mahdollisuutta tietojen palauttamiseen vaurioituneelta SD-kortilta. (tutkimusaineisto);Η έρευνα αναφερόταν στην ανάκτηση δεδομένων από μια ψηφιακή κάρτα SD που είχε καταστραφεί. (δεδομένα έρευνας);O pedido dizia respeito à recuperação de dados de um cartão SD que estava corrompido.
Digital material;Digital evidence;digitální materiál;Digitaalinen materiaali, sähköinen materiaali;Ψηφιακό υλικό;Material Digital;adjective;1;Digital material refers to any data, information, or content stored in electronic or digital form that may be relevant to a digital forensic investigation.;examine;zkoumat;tutkia;εξετάζω;Examinar;especially;především;erityisesti;συγκεκριμένα;Especialmente;For example, it might be reasonable to examine digital material by using software research tools (legislative).;Například by mohlo být vhodné zkoumat digitální materiál pomocí softwarových výzkumných nástrojů (legislativních).;Digitaaliforensiikassa tutkitaan digitaalista materiaalia muun muassa ohjelmistopohjaisilla tutkimustyökaluilla. (lainsäädäntö);Θα ήταν λογικό για παράδειγμα, να ελέγχεται το ψηφιακό υλικό με τη χρήση εργαλείων έρευνας λογισμικού (νομοθετικό πλαίσιο).;A título de exemplo, poderá ser considerado razoável examinar o material digital através da utilização de ferramentas de software de pesquisa.
SSD;Digital evidence;SSD;SSD-levy (puolijohdelevy);SSD Δίσκος στερεάς κατάστασης;SSD;noun;1;An SSD (or Solid State Drive) refers to a data storage device that uses flash memory to store data electronically, without moving mechanical parts, in contrast to traditional hard disk drives that store data on electromagnetic layers.;un-imaged;bez bitové kopie;kuvaamaton;μη απεικονιζόμενο;Un-imaged (Não imagiado);drives;disky/jednotky;ajaa;μονάδες;Unidades;Additional care must be taken when analysing data from systems (e.g. SSD) that may automatically duplicate data as part of storage and processing algorithms, which have no bearing on actual user activity. (procedural/instructive);Zvláštní pozornost je třeba věnovat analýze dat ze systémů (např. SSD), které mohou automaticky duplikovat data v rámci algoritmů ukládání a zpracování, což nemá žádnou spojitost se  skutečnou aktivitou uživatele. (procedurální/instruktivní);Datan analysoinnissa on huomioitava, että SSD-aineisto voi automaattisesti monistaa tietoja osana tallennus- ja käsittelyalgoritmeja, joilla ei ole yhteyttä käyttäjän todelliseen toimintaan. (menettelyohje);Πρέπει να αφιερώνεται ιδιαίτερη προσοχή κατά την ανάλυση δεδομένων από συστήματα (π.χ. SSD δίσκων στερεάς κατάστασης) που ενδέχεται να αναπαράγουν αυτόματα δεδομένα στο πλαίσιο αλγορίθμων αποθήκευσης και επεξεργασίας,;Deve ser tida uma precaução especial na análise de dados de sistemas como os SSDs. Estes dispositivos podem duplicar informação de forma automática, devido aos seus algoritmos internos de gestão de armazenamento, sendo que tais operações não refletem qualquer ação deliberada por parte do utilizador.
USB;Digital evidence;USB;USB-liitäntä;Μονάδα Μνήμης USB;USB;noun;1;A USB (or Universal Serial Bus) refers to a standardized interface for connecting external devices (such as thumb drives, memory sticks, external hard drives, digital cameras, memory cards, and CD/DVD writers) to peripheral devices, such as computers, laptops, mobile phones, and other digital devices for data transfer and storage.;inserting;inserting;lisätä, lisääminen;εισαγωγή;Inserir;stick/sticks;flash disk/disky;tikku/tikut;στικάκι/στικάκια μνήμης;Pen USB;Procedures for management of removable storage media used by the forensic unit to transfer data (such as memory cards, USB drives, optical media) shall include controls related to issue and their use. (legislative);Postupy pro správu vyměnitelných paměťových médií používaných forenzní jednotkou k přenosu dat (například paměťové karty, USB disky, optická média) musí zahrnovat kontroly týkající se jejich vydávání a používání. (legislativní);Rikosteknisen yksikön käyttämien siirrettävien tallennusvälineiden (kuten muistikortit, USB-muistitikut, optiset levyt) hallintamenettelyissä on huomioitava niiden käyttöön ja hallintaan liittyvät kontrollit. (lainsäädäntö);Οι διαδικασίες διαχείρισης των αφαιρούμενων μέσων αποθήκευσης που χρησιμοποιούνται από τη μονάδα εγκληματολογικής έρευνας με στόχο τη μεταφορά δεδομένων (όπως κάρτες μνήμης, μονάδες μνήμης USB, οπτικά μέσα), πρέπει να περιλαμβάνουν τους σχετικούς ελέγχους για την έκδοση και τη χρήση τους. (νομοθετικό πλαίσιο);Os procedimentos para a gestão dos suportes de armazenamento amovíveis utilizados pela unidade forense para transferir dados (tais como cartões de memória, pens USB, suportes óticos) devem incluir controlos relativos à sua emissão e utilização.
Instant messaging;Digital technology;okamžité zasílání zpráv;pikaviestit, pikaviestintä;Άμεση ανταλλαγή μηνυμάτων;Menssagens Instantaneas;noun;1;Instant messaging refers to real-time text-based digital communication conducted through messaging applications or secure communication systems. In digital forensics, instant messaging is significant as it generates logs, chat histories, and message content (including text, images, videos, and media files) that can be recovered from devices, social networks, forums, chat rooms, and communication systems as evidence of interactions between individuals during investigations.;N/A;N/A;ei saatavissa/ei käytettävissä;μη διαθέσιμο;N/A;logs;záznamy;lokitiedot, lokit;καταγραφές;Registos;Communication was done by phone, email and instant messaging (research data).;Komunikace probíhala prostřednictvím telefonu, e-mailu a službou pro okamžité zasílání zpráv (instant messagin) (výzkumná data).;Pikaviestintää voidaan hyödyntää puhelimitse ja sähköpostitse tapahtuvan viestinnän lisänä. (tutkimusaineisto);Η επικοινωνία πραγματοποιούνταν μέσω τηλεφώνου, ηλεκτρονικού ταχυδρομείου και άμεσων μηνυμάτων (δεδομένα έρευνας).;A comunicação foi feita por telefone, email e mensagens instantâneas.
Digital;Digital evidence or digital technology;digitální;digitaalinen;Ψηφιακό;Digital;noun;3;Digital refers to electronic data, devices, technologies, and systems that store, process, or transmit information in binary format, as opposed to physical or analogue forms. In digital forensics, the term includes digital evidence found on storage media devices, digital forensic analysis and examinations, digital forensic laboratories and infrastructure, and the broader digital world of technologies, networks, and devices.;with;s;kanssa;με;Com;forensics;forenzní věda/forenzní zkoumání;forensiikka;εγκληματολογία;Ciências Forenses;These values form a foundation on which our duties within digital forensics are carried out. (legislative);Tyto hodnoty tvoří základ, na kterém jsou prováděny naše povinnosti v oblasti digitálního forenzního zkoumání. (legislativní);Rikosteknisen työn velvoitteet nojaavat arvoperustaan. (lainsäädäntö);Αυτές οι αρχές συνιστούν το θεμελιώδες πλαίσιο πάνω στο οποίο βασίζονται τα καθήκοντά μας στον τομέα της ψηφιακής εγκληματολογίας. (νομοθετικό πλαίσιο);Estes valores constituem o alicerce sobre o qual os nossos deveres no âmbito da análise forense digital são desempenhados
Retrieve;Digital forensics method;získat;hakea/palauttaa;Ανακτώ;Recuperar;verb;1;Retrieve means the process of recovering, extracting, or accessing digital data or evidence from storage media, systems, or networks during a forensic investigation.;search &;vyhledat/vyhledání;etsiä;έρευνα και;Procurar;CCTV;kamerové systémy;valvontakamerat, valvontakamerajärjestelmä;Κλειστό κύκλωμα τηλεόρασης (CCTV - Closed-circuit television);cctv;Where records are distributed across different systems and/or locations, the forensic unit shall have a procedure to be able to retrieve and collate records required for reporting cases. (legislative);V případě, že jsou záznamy rozptýleny v různých systémech a/nebo na různých místech, musí mít forenzní jednotka zaveden postup, který jí umožní získat a shromáždit záznamy potřebné pro hlášení případů. (legislativní);Rikostekninen yksikkö noudattaa säädettyä menettelyä esimerkiksi hakiessaan ja yhdistäessään raportointiin tarvittavia asiakirjoja mahdollisesti eri järjestelmiin ja/tai sijainteihin hajautetuista asiakirjoista. (lainsäädäntö);Η εγκληματολογική μονάδα θα πρέπει να εφαρμόζει μια διαδικασία που θα της επιτρέπει να ανακτά και να συγκεντρώνει τα αρχεία που απαιτούνται κατά την αναφορά των υποθέσεων, ακόμη κι όταν τα αρχεία είναι κατανεμημένα σε διαφορετικά συστήματα και/ή τοποθεσίες. (νομοθετικό πλαίσιο);Nos casos em que os registos se encontrem distribuídos por diferentes sistemas e/ou locais, a unidade forense deve dispor de um procedimento para conseguir recuperar e compilar os registos necessários à elaboração dos relatórios dos casos.
Communications;Digital evidence or digital technology;komunikace;Viestintä;Επικοινωνίες;Comunicações;noun;3;Communications are electronic exchanges of information between parties, including emails, messages, calls, and other forms of digital correspondence that may serve as evidence in digital forensic investigations.;electronic;elektronický;sähköinen, elektroninen;ηλεκτρονική;Eletrónico;network;síť;tietoverkko;δίκτυο;Rede;All communications must be accurately recorded within the enquiry update sections of the crime report or SIO policy file. (procedural);Veškerá komunikace musí být přesně zaznamenána v sekcích aktualizace požadavku zprávy nebo v souboru zásad SIO. (procesní);Tutkintaan liittyvä toimijoiden välinen viestintä on dokumentoitava esimerkiksi tutkintamuistioon. (menettelyohje);Όλες οι επικοινωνίες πρέπει να καταγράφονται με ακρίβεια στις ενημερωτικές ενότητες αναφοράς εγκλήματος ή στο αρχείο πολιτικής του Ανώτερου Αξιωματικού Έρευνας - SIO (Senior Investigating Officer). (διαδικαστικό πλαίσιο);Todas as comunicações devem ser registadas com precisão nas secções de atualização do inquérito, quer seja no auto de notícia ou no processo de diretivas do Chefe de Investigação.
Media;Digital equipment of digital evidence or digital technology;médium;media;Μέσα ενημέρωσης;Suporte;noun;3;Media primarily refers to devices or materials used for storing, recording, or transmitting digital information, including digital storage media (hard drives, CDs/DVDs, flash memory cards, floppy disks, optical discs, USB devices) and media files (images and videos).;storage;úložiště;varasto, säiliö, tallennustila;αποθήκευση;Armazenamento;files;soubory;tiedostot;αρχεία;Ficheiros;You're going to find a phone number and even if you don't find the name, a social media profile will help you go further with the investigation. (research data);Najdete telefonní číslo a i když nenajdete jméno, profil na sociálních médiích vám pomůže pokračovat ve vyšetřování. (výzkumná data);Sosiaalisen median profiili voi edistää tutkintaa. Voit löytää esimerkiksi jonkin osatiedon, kuten puhelinnumeron ilman nimeä. (tutkimusaineisto);Θα βρείτε έναν αριθμό τηλεφώνου και, ακόμα κι αν δεν εντοπίσετε το όνομα που ερευνάτε, ένα προφίλ στα μέσα κοινωνικής δικτύωσης θα σας βοηθήσει να συνεχίσετε περαιτέρω την έρευνα. (δεδομένα έρευνας);Vais encontrar um número de telefone e, mesmo que não encontres o nome, um perfil de rede social vai ajudar-te a avançar com a investigação.
Wireless network;Digital technology;bezdrátová síť;langaton verkko;Ασύρματο δίκτυο;Rede sem fios;noun;2;A wireless network is a network infrastructure that enables devices to connect and communicate without physical cables, using wireless protocols such as Wi-Fi, Bluetooth, or infrared.;N/A;N/A;ei saatavissa/ei käytettävissä;μη διαθέσιμο;N/A;detector;detektor;ilmaisin;ανιχνευτής;Localizador;Please note that some devices may be connected to a wireless network: (procedural/instructive);Upozorňujeme, že některá zařízení mohou být připojena k bezdrátové síti: (postup/pokyny);Tutkinnassa on huomioitava erilaisten mahdollisuus olla yhteydessä langattomaan verkkoon. (menettelyohje);Πρέπει να σημειωθεί ότι ορισμένες συσκευές ενδέχεται να είναι συνδεδεμένες σε ασύρματο δίκτυο: (διαδικαστικό/επιμορφωτικό πλαίσιο);Tenha em atenção que alguns dispositivos podem estar ligados a uma rede sem fios:
File system;Digital technology or digital evidence;souborový system;tiedostojärjestelmä;Σύστημα αρχείων;Sistema de Ficheiros;noun;3;A file system is a structure that relates to any physical and virtual volume (including databases and container files) that can be used to store user and system files. In digital forensics, the ability of a forensic tool to interpret available file systems is generally fundamental to the success of determining both the construction of all files contained within it.;evaluating;vyhodnocovací;arviointi;αξιολόγηση;Avaliação;mappings;mapování/zobrazení;kartoittaminen;αντιστοιχίσεις;Mapeamentos;When extracting data from a file system viewer, it is important to know exactly how it will interpret the file system being viewed. (procedural/instructive);Při extrahování dat z prohlížeče souborového systému je důležité přesně vědět, jak bude interpretovat prohlížený souborový systém. (procedurální/instruktivní);Poimittaessa tietoja tiedostojärjestelmästä, on tiedettävä tarkasti, miten se tulkitsee tarkasteltavaa tiedostojärjestelmää. (menettelyohje);Κατά την εξαγωγή δεδομένων από ένα πρόγραμμα απεικόνισης ενός συστήματος αρχείων, είναι σημαντικό να γνωρίζουμε ακριβώς πώς θα ερμηνευτεί το σύστημα αρχείων που απεικονίζεται. (διαδικαστικό/επιμορφωτικό πλαίσιο);Ao extrair dados com um visualizador de sistemas de ficheiros, é fundamental saber exatamente como a ferramenta interpreta o sistema de ficheiros que está a ser analisado.
Read-only;Document format;pouze pro čtení/nepřepisovatelný;vain luku-muoto;Μόνο για ανάγνωση;Apenas de leitura;adjective;1;Read-only refers to a state or mode in which data can be viewed or copied but cannot be modified or deleted.;authorised;oprávněný;virallistettu, autorisoitu;εγκεκριμένο;Autorizado;N/A;N/A;ei saatavilla/ei käytettävissä;μη διαθέσιμο;N/A;However, only digital evidence held on the authorised read-only data carries made by the Intelligence Gathering Unit is admissible for the trial before court. (research data).;Pro soudní řízení jsou však přípustné pouze digitální důkazy uložené na autorizovaných datových nosičích určených pouze pro čtení, které vytvořila jednotka pro shromažďování zpravodajských informací (výzkumná data).;Rikostekniikan käytössä tulee olla yhteisesti organisaation hallinnon hyväksymät välineet digitaalisen todistusaineiston käsittelemiseksi. Tämä on edellytys myös todisteen hyväksyttäväksi käyttämiseksi mahdollisessa rikosasian oikeudenkäynnissä. (tutkimusaineisto);Ωστόσο, τα μόνα ψηφιακά αποδεικτικά στοιχεία που είναι αποδεκτά κατά τη διεξαγωγή της δίκης, ενώπιον του δικαστηρίου είναι εκείνα που φυλάσσονται στα εγκεκριμένα, αποκλειστικά για ανάγνωση δεδομένα, τα οποία έχει δημιουργήσει η Μονάδα Συγκέντρωσης Πληροφοριών. (δεδομένα έρευνας);Contudo, apenas a prova digital contida nos suportes de dados apenas de leitura autorizados, criados pela Unidade de Recolha de Informações, é admissível para o julgamento em tribunal.
Overwrite;Digital forensics method;přepsat;ylikirjoittaa;Αντικαθιστώ;Sobrescrever / Gravar por cima;verb;1;Overwrite means the process of replacing existing data with new data on a storage medium and may destroy original evidence.;applications;aplikace;sovellukset;εφαρμογές;Aplicações;parts;části;osat;μέρη;Partes;There are also differences in what application performs the time writes (not all applications overwrite all time stamps). (research data);Existují také rozdíly v tom, pomocí které aplikace je proveden zápis času (ne všechny aplikace přepisují všechna časová razítka). (výzkumná data);On huomioitava, etteivät kaikki sovellukset välttämättä ylikirjoita kaikkia aikaleimoja. (tutkimusaineisto);Παρατηρούνται επίσης διαφορές ως προς το ποια εφαρμογή διενεργεί τις εγγραφές χρόνου (δεν αντικαθιστούν όλες οι εφαρμογές το σύνολο των χρονικών σημάνσεων). (δεδομένα έρευνας);Existem também diferenças relativamente à aplicação que realiza as escritas de tempo (nem todas as aplicações sobrescrevem todos os selos temporais).
Internet protocol;Digital technology;internetový protocol;Internet-protokolla;Πρωτόκολλο διαδικτύου;Protocolo de Internet;noun;2;Internet protocol (or IP) refers to a communication protocol that uses data switching to transmit information over networks.;resolved;vyřešený;ratkaistu;τροποποιημένο;Resolvido;address;adresa;osoite;διεύθυνση;Endereço;Computers connected to the internet communicate with each other using the Internet Protocol (IP). (procedural/instructive);Počítače připojené k internetu komunikují mezi sebou pomocí internetového protokolu (IP). (procedurální/instruktivní);Internet-yhteydessä olevat tietokoneet kommunikoivat keskenään käyttäen Internet-protokollaa (IP). (menettelyohje);Οι υπολογιστές που είναι συνδεδεμένοι στο διαδίκτυο επικοινωνούν μεταξύ τους χρησιμοποιώντας το Πρωτόκολλο Διαδικτύου (IP). (διαδικαστικό/επιμορφωτικό πλαίσιο);Os computadores ligados à internet comunicam entre si utilizando o Protocolo de Internet (IP).
Virtual machine;Digital technology;virtuální stroj;virtuaalikone;Εικονική μηχανή;Máquina Virtual;noun;1;A virtual machine is a software-based emulation of a computer system that operates within a host environment. A virtual machine is usually contained in a single file but can have multiple disks just like a physical one.;N/A;N/A;ei saatavissa/ei käytettävissä;μη διαθέσιμο;N/A;N/A;N/A;ei saatavissa/ei käytettävissä;μη διαθέσιμο;N/A;Usually, the hard disk of a virtual machine is contained in a single file, but a virtual machine can have multiple disks, just like the physical one. (research data).;Obvykle je pevný disk virtuálního stroje obsažen v jediném souboru, ale virtuální stroj může mít, stejně jako fyzický stroj, více disků. (výzkumná data).;Yleensä virtuaalikoneen kiintolevy on tallennettu yhteen tiedostoon, mutta virtuaalikoneella voi olla useita levyjä aivan kuten fyysisellä koneella. (tutkimusaineisto);Συνήθως, ο σκληρός δίσκος μιας εικονικής μηχανής περιέχεται σε ένα μόνο αρχείο, αλλά μια εικονική μηχανή όπως και μια φυσική μηχανή, μπορεί να έχει πολλούς δίσκους. (δεδομένα έρευνας);
Log in;Digital evidence or digital technology;zalogovat se/přihlásit se;kirjautuminen, kirjautua järjestelmään;Σύνδεση;Registo de entrada / Início de sessão;noun;1;A log in is the authentication event when a user accesses a system or application, generating records that document user activity, access times, and account usage patterns relevant to digital forensic investigations.;N/A;N/A;ei saatavissa/ei käytettävissä;μη διαθέσιμο;N/A;details;detail/podrobnosti;yksityiskohdat;λεπτομέρειες;Detalhes;I basically got a document, a step-by-step on how you can actually log in and tag things for evidence. (research data).;V podstatě jsem dostal dokument, podrobný návod, jak se přihlásit a označit věci jako důkazy (výzkumná data).;Asioiden todisteiksi merkkaaminen voidaan ohjeistaa asiakirjassa vaiheittaisesti. Esimerkiksi taktinen tutkija voi hyödyntää tätä ohjeistusta osana esitutkintatehtäväänsä. (tutkimusaineisto);Έλαβα στην ουσία ένα έγγραφο με αναλυτικές οδηγίες, για το πώς μπορείς να συνδεθείς και να επισημάνεις στοιχεία ως τεκμήρια (δεδομένα έρευνας);Basicamente, recebi um documento, um guia passo-a-passo sobre como podemos, na prática, iniciar sessão e etiquetar itens como prova.
Storage media;Digital evidence or digital equipment;paměťové médium;Tallennusmedia;Μέσα αποθήκευσης;Suportes de Armazenamento;noun;3;Storage media are physical devices or materials used to store digital data, comprising both standalone storage devices, components, remotely stored electronic data (such as cloud storage) accessed via a submitted/seized device.;removeable;odnímatelný/vyjímatelný;poistettava, irrotettava;αποσπούμενα;Removível;rendered;připravená/převedená/zpřístupněná;renderöity (tietokoneen mallin perusteella luoma kuva tai animaatio);απεικονισμένο;Renderizado / Entregue;Before packaging, check that the temperature of the computer, peripherals and digital storage media is not too high. (procedural/instructive);Před zabalením zkontrolujte, zda teplota počítače, periferních zařízení a digitálních paměťových médií není příliš vysoká. (procedurální/instruktážní);Ennen pakkaamista on tarkistettava, ettei tietokoneen, oheislaitteiden ja digitaalisten tallennusmedioiden lämpötila ole liian korkea. (menettely/ohje);Προτού συσκευασθούν ο υπολογιστής, οι περιφερειακές συσκευές και τα ψηφιακά μέσα αποθήκευσης, ελέγξτε ότι η θερμοκρασία τους δεν είναι πολύ υψηλή. (διαδικαστικό/επιμορφωτικό πλαίσιο);Antes de embalar, verifique se a temperatura do computador, dos periféricos e dos suportes de armazenamento digital não está demasiado elevada.
Software application;Digital forensics method;softwarová aplikace;ohjelmistosovellus;Εφαρμογή λογισμικού;Aplicação de software;noun;1;A software application is a computer program designed to perform specific tasks or functions. In digital forensics, software applications are significant as they serve as specialised tools used by departments and agencies for data communication, evidence viewing, system protection, and other investigative tasks.;antivirus;antivirus;virustorjunta, antivirus;αντιιικό;Anti-Vírus;N/A;N/A;ei saatavissa/ei käytettävissä;μη διαθέσιμο;N/ A;Today, I spoke with another department within my agency in relation to the software application used to view downloads of digital evidence. (research data);Dnes jsem hovořil s jiným oddělením v rámci mého sboru ohledně softwarové aplikace používané k prohlížení stažených digitálních důkazů. (výzkumná data);Eri virastoissa voi olla käytössä erilaisia ohjelmistosovelluksia digitaalisen todistusaineiston latausten tarkasteluun. Näistä on hyvä keskustella ja vaihtaa tietoa. (tutkimusaineisto);Σήμερα απευθύνθηκα σε ένα άλλο τμήμα της υπηρεσίας μου, σχετικά με την εφαρμογή του λογισμικού που χρησιμοποιείται για την προβολή των ψηφιακών αποδεικτικών στοιχείων που έχουν ληφθεί. (δεδομένα έρευνας);Hoje contactei outro departamento da agência para discutir o aplicativo que usamos para visualizar os ficheiros de prova que são descarregados do nosso sistema central.
Files;Digital technology or digital evidence;soubory;tiedostot;Αρχεία;Ficheiros;noun;3;Files refer to a structured set of personal data accessible according to specific criteria, centralised, decentralised or distributed functionally or geographically.;image;obrazový;kuva;εικόνα;Imagem;system;systém;järjestelmä;σύστημα;Sistema;Appropriate to the associated FSA, the procedure and policies should ensure that where key information is extracted from pictorial image files, the original images are retained and linked with the captured data, including relevant digital metadata (legislative);V souladu s příslušným hodnocením bezpečnostních funkcí by postupy a zásady měly zajistit, aby v případě, kdy jsou klíčové informace extrahovány z obrazových souborů, byl původní obrázový materiál uchován a propojen se zachycenými údaji, včetně příslušných digitálních metadat (legislativní).;Esimerkiksi kuvatiedostojen joukosta kerättävästä keskeisestä tiedosta tulee varmistaa alkuperäisten kuvien säilyttäminen ja linkittäminen tallennettuun dataan metadata huomioiden. Menettelytavat voivat perustua lainsäädäntöön ja erilaisiin politiikkoihin. (lainsäädäntö);Σύμφωνα με τον σχετικό FSA - Νομοθετικό κώδικα πρακτικής για Δραστηριότητες Εγκληματολογικής Επιστήμης, η διαδικασία και οι πολιτικές πρέπει να διασφαλίζουν ότι, όταν εξάγονται βασικές πληροφορίες από αρχεία εικόνων, οι αρχικές αυτές εικόνες διατηρούνται και συνδέονται με τα καταγεγραμμένα δεδομένα, συμπεριλαμβανομένων των σχετικών ψηφιακών μεταδεδομένων. (νομοθετικό πλαίσιο);De forma apropriada à Atividade de Ciência Forense (FSA) associada, os procedimentos e as políticas devem garantir que, quando informação chave é extraída de ficheiros de imagem, as imagens originais sejam retidas e associadas aos dados capturados, incluindo os metadados digitais relevantes.
Text messages;Digital evidence;textové zprávy;tekstiviestit;Μηνύματα κειμένου;Mensagens de texto;noun;3;Text messages are short electronic messages sent between mobile devices or applications, providing records of communications, timestamps, and contact information valuable in digital forensic investigations.;SMS;SMS;tekstiviesti, SMS;σύντομο γραπτό μήνυμα-Short Message Service- SMS;SMS (Serviço de Mensagens Curtas);correspondence;korespondence;vastaavuus;αλληλογραφία;Correspondência;Victim hands over phone to officers to examine -- often for low-level offences and enables officers to note content of text messages and/or to enable screenshots to be emailed to Police thereby allowing victim to retain phone. (procedural/instructive);Oběť předá telefon policistům k prozkoumání – často v případě méně závažných trestných činů, což policistům umožňuje zaznamenat obsah textových zpráv a/nebo pořídit snímky obrazovky, které mohou být zaslány e-mailem policii, přičemž oběť si může telefon ponechat. (procesní/instruktážní);Esimerkiksi vähäisempien rikosten yhteydessä, poliisin on mahdollisuus kirjata ja/tai ottaa kuvakaappauksia tekstiviestien sisällöstä asianomistajan (uhrin) puhelimesta. Tällöin puhelinta ei tarvitse luovuttaa pitempiaikaisesti poliisin tutkittavaksi. (menettelyohje);Το θύμα παραδίδει το τηλέφωνό του στους αστυνομικούς για έλεγχο — συνήθως για ήσσονος σημασίας αδικήματα — και τους επιτρέπει να σημειώσουν το περιεχόμενο των μηνυμάτων κειμένου και/ή να στείλουν στιγμιότυπα οθόνης μέσω ηλεκτρονικού ταχυδρομείου στην αστυνομία. Οι αστυνομικοί με τον τρόπο αυτό επιτρέπουν στο θύμα να κρατήσει το τηλέφωνό του. (διαδικαστικό/επιμορφωτικό πλαίσιο);A vítima entrega o telemóvel aos agentes para exame – frequentemente em infrações de baixa gravidade – o que permite aos agentes tomar nota do conteúdo das mensagens de texto e/ou que sejam enviadas capturas de ecrã por email para a Polícia, permitindo assim que a vítima retenha o telemóvel
Network;Digital technology or digital evidence;síť;Verkko, tietoverkko;Δίκτυο;Rede;noun;3;"A network is an interconnected system of computers and devices that communicate and share resources. It is often used as an abbreviation for Internet, with many still referring to Usenet and cyberspace as a whole as ""the network"".";communications;komunikace;viestinnät;επικοινωνίες;Comunicações;address;adresa;osoite;διεύθυνση;Endereço;We must always consider the possibility of the existence of a computer network. (procedural/instructive);Vždy musíme brát v úvahu možnost existence počítačové sítě. (procedurální/instruktivní);Rikostutkinnassa on aina huomioitava kaikki mahdolliset tietokoneverkot. (menettelyohje);Πρέπει πάντα να λαμβάνουμε υπόψη την πιθανότητα ύπαρξης ενός δικτύου υπολογιστών. (διαδικαστικό/επιμορφωτικό πλαίσιο);É imperativo partir sempre do princípio de que pode existir uma rede de computadores. A investigação deve, por isso, procurar ativamente por outros dispositivos conectados.
Program;Digital technology or digital evidence;program;ohjelma;Πρόγραμμα;Programa;noun;2;A program is a set of instructions executed by a computer to perform specific operations, such as instant messengers (such as Windows Live Messenger), email programs (such as Outlook, Windows Mail), or IRC programs.;messenger;messenger;viestisovellus;αγγελιοφόρος;Mensageiro;usernames;uživatelská jména;käyttäjänimet;ονόματα χρήστη;Nome de utilizador;Whoever illegally reproduces, discloses or communicates to the public a computer program protected by law will be published with imprisonment up to 3 years or a fine. (legislative).;Kdokoli nelegálně reprodukuje, vyzrazuje nebo zveřejňuje počítačový program chráněný zákonem, bude potrestán odnětím svobody až na 3 roky nebo pokutou. (legislativní).;Joka laittomasti jäljentää, paljastaa tai saattaa yleisön saataville lain suojaaman tietokoneohjelman, voidaan tuomita enintään kolmen vuoden vankeuteen tai sakkoon. (lainsäädäntö);Όποιος παράνομα αναπαράγει, αποκαλύπτει ή κοινοποιεί στο κοινό ένα πρόγραμμα υπολογιστή που προστατεύεται από τον νόμο, τιμωρείται με φυλάκιση έως 3 έτη ή με πρόστιμο. (νομοθετικό πλαίσιο);Quem ilegitimamente reproduzir, divulgar ou comunicar ao público um programa de computador protegido por lei é punido com pena de prisão até 3 anos ou com pena de multa.
Digital forensic gateway;Forensic infrastructure;digitální forenzní brána;Digitaaliforensinen vastaanottopiste;Ψηφιακή εγκληματολογική πύλη;Gateway de Análise Forense Digital;noun;1;A digital forensic gateway is the receiving facility where staff or supervisors will authorise examination of digital devices and confirm that reasonable grounds, necessity and proportionality exist for examination of the item.;cybercrime;kyberkriminalita/kyberzločin;kyberrikos;εγκληματικότητα στον κυβερνοχώρο;Cibercrime;staff;zaměstnanci;henkilökunta;προσωπικό;Pessoal;The Digital Forensic Gateway is the receiving facility for all examination request forms where triage and quality control functions are conducted. (procedural/instructive);Digitální forenzní brána je přijímacím zařízením pro všechny formuláře žádostí o zkoumání, kde se provádí třídění a kontrola kvality. (procesní/instruktážní);Mahdollinen esikarsinta, priorisoinnit ja laadunvalvonta ovat tärkeitä toimia myös digitaalisessa rikostekniikassa. (menettely/ohje);Η Ψηφιακή Eγκληματολογική Πύλη είναι η μονάδα υποδοχής όλων των αιτημάτων διερεύνησης, όπου πραγματοποιούνται οι λειτουργίες διαλογής και ποιοτικού ελέγχου. (διαδικαστικό/επιμορφωτικό πλαίσιο);O Gateway de Análise Forense Digital é a instalação de receção de todos os formulários de pedido de análise, onde são conduzidas as funções de triagem e controlo de qualidade
User;Digital evidence or digital technology;uživatel;käyttäjä;Χρήστης;Usuário / Utilizador;noun;3;A user refers to anyone who uses a computer, application or online service. A user's activities, account information, and access patterns are documented in system logs.;road;cesta;reitti, kaista;δρόμος;Caminho;name;jméno;nimi;όνομα;Nome;Can each computer be associated with an individual user? (procedural/instructive);Může být každý počítač přiřazen k jednotlivému uživateli? (procedurální/instruktivní);Jokaisen laitteen yhdistäminen yksittäiseen ja/tai yksittäisiin käyttäjiin on tärkeä osa digitaalista forensiikkaa. (menettely/ohje);"Είναι εφικτό κάθε υπολογιστής να συσχετιστεί με έναν μεμονωμένο χρήστη; (διαδικαστικό/επιμορφωτικό πλαίσιο)";Cada computador pode ser associado a um utilizador individual
Mobile phone / cell phone;Digital equipment or digital evidence;mobilní telefon;Matkapuhelin/kännykkä;Κινητό τηλέφωνο;Telemovel;noun;3;A mobile phone is a portable telecommunications device that stores communications, location data, applications, and user information, serving as a critical source of evidence in digital forensic investigations.;victim’s;patřící oběti;uhrin;του θύματος;Da vítima;extraction;extrakce;purku, purkaminen, tallentaminen;εξαγωγή;Extração;While officers may have a legislative right to seize and examine a mobile phone, it does not automatically give you the right to access the owner’s data (procedural/instructive);I když mají policisté zákonné právo zabavit a prozkoumat mobilní telefon, neznamená to automaticky, že mají právo přistupovat k údajům jeho majitele (procesní/instruktážní).;Vaikka poliisilla voi olla lainsäädännöllinen oikeus takavarikoida ja tutkia matkapuhelin, se ei automaattisesti anna oikeutta päästä käsiksi omistajan tietoihin. (menettely/ohje);Αν και οι αστυνομικοί έχουν το νόμιμο δικαίωμα να κατάσχουν και να εξετάσουν ένα κινητό τηλέφωνο, αυτό δεν τους δίνει αυτόματα το δικαίωμα να έχουν πρόσβαση στα προσωπικά δεδομένα του ιδιοκτήτη (διαδικαστικό/ επιμορφωτικό πλαίσιο).;Embora os agentes possam ter o direito legal de apreender e examinar um telemóvel, isso não lhes confere automaticamente o direito de aceder aos dados do proprietário.
ISP;Digital technology or digital evidence;ISP;Internet-palveluntarjoaja, ISP-palveluntarjoaja;ISP;ISP / Provedor de Serviço de Internet;noun;1;An ISP (Internet Service Provider or Internet Access Provider) is a company that provides internet connectivity to users and keeps logs of the times, dates and identity of the user allocated any IP address.;N/A;N/A;ei saatavissa/ei käytettävissä;μη διαθέσιμο;N/A;keeps;udržuje;pitää;διατηρεί;Mantém;This will allow the ISP to check their records and identify which subscriber was assigned that specific IP address at that given time. (procedural/instructive);To umožní poskytovateli internetu služeb zkontrolovat své záznamy a zjistit, kterému účastníkovi byla v daném okamžiku přidělena konkrétní IP adresa. (procedurální/instruktivní);Poliisin tietopyynnön perusteella, ISP voi tarkistaa tietueet ja tunnistaa, mille tilaajalle kyseinen IP-osoite on ollut annettuna tiettynä ajankohtana. (menettely/ohje);Αυτό θα επιτρέψει στον ISP - Πάροχο υπηρεσιών διαδικτύου - να ελέγξει τα αρχεία του και να προσδιορίσει σε ποιον συνδρομητή είχε εκχωρηθεί η συγκεκριμένη διεύθυνση IP εκείνη τη συγκεκριμένη στιγμή. (διαδικαστικό/επιμορφωτικό πλαίσιο);Isto permitirá ao Fornecedor de Serviços de Internet (FSI) consultar os seus registos de atribuição de endereços IP e identificar qual o assinante (cliente) que estava a utilizar aquele endereço IP específico no momento exato em que a atividade suspeita ocorreu.
Social network;Digital technology;sociální síť;Sosiaalinen verkosto, sosiaalinen media;Κοινωνικό δίκτυο/ κοινωνική δικτύωση;Rede Social;noun;1;A social network is an online platform (such as Instagram or Facebook) that enables users to create profiles, share content, and interact with others, generating extensive digital footprints including posts, messages, and connection data valuable for digital forensic investigations.;N/A;N/A;ei saatavissa/ei käytettävissä;μη διαθέσιμο;N/A;sites;stránky;sivustot;ιστότοποι;Site / Sitio web /página Web;Social Network Sites – Establish the use of Social Networking, Online Communities, Online Storage and other Cloud Services by witnesses and suspects. (procedural/instructive);Stránky sociálních sítí – Zjistěte, zda svědci a podezřelí využívají sociální sítě, online komunity, online úložiště a jiné cloudové služby. (procesní/instruktážní);Sosiaalisen verkoston sivustoilta voi pyrkiä selvittämään rikosasiaan liittyvien henkilöiden sosiaalista verkostoitumista sekä verkkoyhteisöjen, -tallennusten ja muiden alustojen käyttöä. (menettely/ohje);Ιστότοποι κοινωνικής δικτύωσης – Εξακρίβωση της χρήσης κοινωνικών δικτύων, διαδικτυακών κοινοτήτων και υπηρεσιών αποθήκευσης καθώς και άλλων υπηρεσιών συνομιλίας από μάρτυρες και υπόπτους. (διαδικαστικό/επιμορφωτικό πλαίσιο);Sites de Redes Sociais – Estabelecer a utilização de Redes Sociais, Comunidades Online, Armazenamento Online e outros Serviços de Cloud por testemunhas e suspeitos.
Remote access;Digital technology;vzdálený přístup;Etäkäyttö;Απομακρυσμένη πρόσβαση;Acesso Remoto;noun;2;Remote access is the ability to connect to and control computer systems, namely devices with wireless access capability, from a remote location, via the internal network or external network access (i.e. the internet).;enabling;umožňující;mahdollistaja, fasilitaattori;ενεργοποιώντας;Facilitador;installed;instalovaný;asennettu;;Instalado;The problem here is the difference between a home server with a local admin and a large external server room with remote access. (research data);Problémem je zde rozdíl mezi domácím serverem s lokálním správcem a velkou externí serverovnou se vzdáleným přístupem. (výzkumná data;Kotipalvelimen paikallisen ylläpitäjän ja suuren ulkoisen palvelinsalin etäkäyttöyhteyksien välillä voi ilmetä ongelmia. (tutkimusaineisto);Το πρόβλημα που προκύπτει σε αυτή την περίπτωση είναι η διαφοροποίηση μεταξύ ενός οικιακού διακομιστή με τοπικό διαχειριστή και ενός μεγάλου εξωτερικού διακομιστή με απομακρυσμένη πρόσβαση. (δεδομένα έρευνας);O problema aqui é a diferença entre um servidor doméstico com um administrador local e uma grande sala de servidores externa com acesso remoto.
Forensic acquisition;Digital forensics method;forenzní zajišťování;Forensinen taltiointi/jäljentäminen;Εγκληματολογική συλλογή;Aquisição Forense;noun;1;Forensic acquisition is the systematic process of creating a forensically sound copy or image of digital evidence that preserves the original data and maintains its integrity for analysis and legal proceedings.;N/A;N/A;ei saatavissa/ei käytettävissä;μη διαθέσιμο;N/A;Units;jednotky;yksiköt;μονάδες;Unidades;It is therefore, extremely important that laboratories carefully consider the quality of the Power Supply Units (PSUs) they use both for their forensic machines and any forensic acquisition units. (procedural/instructive);Je proto nesmírně důležité, aby laboratoře pečlivě zvážily kvalitu napájecích zdrojů (PSU), které používají jak pro své forenzní stroje, tak pro jakékoli forenzní akviziční jednotky. (procedurální/instruktážní);Käyttöön hyväksytyt ja käytössä olevat tallennusvälineet alustoineen, laitteineen ja tarvittavine oheislaitteineen, tulee olla laadukkaita. (menettely/ohje);Αποτελεί επομένως θέμα εξαιρετικής σημασίας, τα εργαστήρια να εξετάζουν προσεκτικά την ποιότητα των μονάδων τροφοδοτικού (PSU) που χρησιμοποιούν, τόσο για τα εγκληματολογικά μηχανήματά τους, όσο και για οποιαδήποτε εγκληματολογική συλλογή. (διαδικαστικό/επιμορφωτικό πλαίσιο);É, portanto, extremamente importante que os laboratórios considerem cuidadosamente a qualidade das Unidades de Fonte de Alimentação (PSUs) que utilizam tanto para as suas máquinas forenses como para quaisquer unidades de aquisição forense.
Virus;Digital technology or digital evidence;virus;virus;Ιός;Vírus;noun;1;A virus is malicious software that self-replicates and infect computer systems by attaching itself to legitimate files or programs, spreading from one computer to another and potentially damaging, modifying, or extracting data.;N/A;N/A;ei saatavissa/ei käytettävissä;μη διαθέσιμο;N/A;N/A;N/A;ei saatavissa/ei käytettävissä;μη διαθέσιμο;N/A;If that was going to leave a virus or something on his computer that was undesirable. (research data);Bylo by nežádoucí, pokud by to zanechalo virus nebo něco podobného v jeho počítači. (výzkumná data);Virussuojaus ja/tai muuhun ei-toivottavaan käyttäytymiseen liittyvät tekijät on tärkeää huomioida myös digitaalisessa rikostekniikassa. (tutkimusaineisto);Αν αυτό είχε ως αποτέλεσμα να μείνει κάποιος ιός ή κάτι άλλο στον υπολογιστή του, αυτό δεν θα ήταν φυσικά επιθυμητό. (δεδομένα έρευνας);Se aquilo pudesse deixar um vírus ou algo assim no computador dele, isso não era desejável.
Archived;Digital forensics method;archivovaný;Arkistointi, arkistoitu tietokanta;Αρχειοθετημένο;Arquivado;adjective;1;Archived refers to the process whereby data or files are securely stored in a compressed or preserved state in conditions to prevent damage or minimise deterioration and indexed so as to facilitate orderly storage and retrieval.;N/A;N/A;ei saatavissa/ei käytettävissä;μη διαθέσιμο;N/A;profiles;profily;profiilit;προφίλ;Perfis;The original report is archived in the unit under whose number the report was recorded. (procedural/instructive);Původní zpráva je archivována v jednotce, pod jejímž číslem byla zpráva zaznamenána. (procedurální/instruktivní);Asiakirjat ja raportit järjestetään rikosilmoitusnumeroiden alle kussakin tutkivassa yksikössä. (menettely/ohje);Η αρχική αναφορά αρχειοθετείται στη μονάδα βάσει του αριθμού με τον οποίο καταγράφηκε η αναφορά. (διαδικαστικό/επιμορφωτικό πλαίσιο);O relatório original é arquivado na unidade organizacional correspondente ao número sob o qual o relatório foi registado.
Screenshot;Digital evidence or digital forensics method;screenshot/snímek obrazovky;Kuvakaappaus;Στιγμιότυπο οθόνης;Captura de ecrã;noun;1;A screenshot is a captured image of a device's display at a specific moment in time, used to document digital evidence, preserve volatile information, or demonstrate the state of a system during a digital forensic investigation.;N/A;N/A;ei saatavissa/ei käytettävissä;μη διαθέσιμο;N/a;photograph;fotografie;valokuva;φωτογραφία;Fotografia;In the absence of this information being available, preservation of one or more screenshot images may provide a basis for identification of the version used. (legislative).;Pokud tyto informace nejsou k dispozici, může být základem pro identifikaci použité verze uchování jednoho nebo více snímků obrazovky. (legislativní).;Yhden tai useamman kuvakaappauksen säilyttäminen voi tarjota perustan käytetyn version tunnistamiselle. (lainsäädännöllinen);Εάν δεν υπάρχουν διαθέσιμες αυτές οι πληροφορίες, η διάσωση ενός ή περισσότερων στιγμιότυπων της οθόνης, μπορεί να αποτελέσει βάση για την αναγνώριση της χρησιμοποιούμενης έκδοσης. (νομοθετικό πλαίσιο);Na ausência de disponibilidade desta informação, a preservação de uma ou mais imagens de captura de ecrã pode fornecer uma base para a identificação da versão utilizada.
Forensic service;Digital forensics method;forenzní služba;Rikostekninen laboratorio;Εγκληματολογική υπηρεσία;Serviço forense;noun;3;A forensic service refers to professional offerings provided by forensic laboratories or specialists that include evidence examination, analysis, reporting, and expert testimony to support legal and investigative processes (such as the Scottish Police Authority).;SPA;SPA (Scottish Police Authority);N/A;SPA- Scottish Police Authority, Aστυνομική Αρχή της Σκωτίας;SPA / Aplicação de Página Única (Scottich Police Authority ????);providers;poskytovatelé;tarjoaa;πάροχοι;Prestadores;Where the services of commercial forensic service providers are required by law enforcement, it is important to select external consulting witnesses/forensic practitioners carefully. (procedural/instructive);V případech, kdy jsou služby komerčních poskytovatelů forenzních služeb vyžadovány orgány činnými v trestním řízení, je důležité pečlivě vybírat externí konzultanty/forenzní odborníky. (procesní/instruktážní);Keskusrikospoliisi vastaa myös toimialansa kehityksestä, toimii kouluttajana ja muiden viranomaisten tukena teknisen rikostutkinnan asiantuntemusta vaativissa asioissa. (menettely/ohje);Eίναι σημαντικό να επιλέγονται προσεκτικά οι εξωτερικοί σύμβουλοι μάρτυρες/ ιατροδικαστές, στις περιπτώσεις εκείνες όπου οι υπηρεσίες επαγγελματιών παροχής εγκληματολογικών υπηρεσιών απαιτούνται από τις αρχές επιβολής του νόμου, (διαδικαστικό/επιιμοργωτικό πλαίσιο);Quando os serviços de prestadores de serviços forenses comerciais são requeridos pelas autoridades policiais, é importante selecionar cuidadosamente testemunhas especializadas externas/profissionais forenses
Tool;Digital forensics method;nástroj;työkalu;Εργαλείο;Ferramenta;noun;3;A tool is software or hardware equipment used by forensic examiners to acquire, analyse, process, or preserve digital evidence, ranging from specialized forensic programs (such as MSAB XRY) to network traffic analysis tools and triage software.;off-the-shelf;standardní/hotový;kaupalliset ohjelmistot;διαθέσιμο στο εμπόριο;software comercial;kits;sady;sarjat/joukko;σετ εργαλείων;Kits / conjuntos;Any proposed change shall be risk assessed at the method level as even a patch in a software tool may adversely affect the operation of a second tool or process using its output e.g. giving a plausible but incorrect time stamp. (legislative);Každá navrhovaná změna musí být posouzena z hlediska rizik na úrovni metody, protože i oprava v softwarovém nástroji může nepříznivě ovlivnit fungování druhého nástroje nebo procesu, který využívá jeho výstup, např. tím, že poskytne věrohodné, ale nesprávné časové razítko. (legislativní);Esimerkiksi ohjelmistotyökalupäivitysten riskit tulee arvioida erikseen suhteessa muihin työkaluihin ja prosesseihin. Virhe voi ilmetä esimerkiksi aikaleimoissa, vaikka ne vaikuttaisivatkin uskottavilta. (lainsäädännöllinen);Κάθε προτεινόμενη αλλαγή πρέπει να υποβάλλεται σε αξιολόγηση κινδύνου ως προς το επίπεδο μεθόδου που εφαρμόζεται στην περίπτωση αυτή, καθώς ακόμη και μια διορθωτική τροποποίηση σε ένα εργαλείο λογισμικού ενδέχεται να επηρεάσει αρνητικά τη λειτουργία ενός δεύτερου εργαλείου ή μιας δεύτερης διαδικασίας της οποίας τα αποτελέσματά πρέπει να ληφθούν υπόψη, π.χ. παρέχοντας μια εύλογη αλλά λανθασμένη χρονική σήμανση. (νομοθετικό πλαίσιο);Qualquer alteração proposta deve ser objeto de avaliação de risco ao nível do método, uma vez que até uma atualização (patch) numa ferramenta de software pode afetar negativamente o funcionamento de uma segunda ferramenta ou processo que utilize o seu output, por exemplo, gerando um timestamp plausível mas incorreto.
Technical methods;Digital forensics method;technické metody;Tekniset menetelmät;Τεχνικές μέθοδοι;Métodos técnicos;noun;2;Technical methods are systematic procedures and techniques employed by forensic practitioners to examine digital evidence, encompassing acquisition, preservation, analysis, and documentation processes.;describe;popsat;kuvailla;περιγράφω;Descrever;N/A;N/A;ei saatavissa/ei käytettävissä;μη διαθέσιμο;N/A;investigating the place where crimes were committed, carrying out contemplation and exploitation of traces and exhibits, using modern scientific technology of equipment and the application of scientific and technical methods (legislative);ohledání místa, kde byly spáchán trestný čin, provádění prohlídek a zkoumání stop a důkazních předmětů, používání moderních vědeckých technologií a zařízení a aplikace vědeckých a technických metod (legislativní);Rikostekniikka kattaa esimerkiksi rikospaikkatutkinnat, jälkien ja näytteiden tutkimisen ja hyödyntämisen rikosasiassa näyttönä. Rikostekniikka käyttää myös erilaisia moderneja tieteellisiä laiteteknologioita sekä soveltaa tieteellisiä ja teknisiä menetelmiä. (lainsäädännöllinen);διερευνώντας τον χώρο όπου διαπράχθηκαν τα εγκλήματα, εξετάζοντας και αξιοποιώντας τα στοιχεία και τα πειστήρια στην κάθε περίπτωση, κάνοντας χρήση σύγχρονου επιστημονικού εξοπλισμού και εφαρμόζοντας επιστημονικές  και τεχνικές μεθόδους. (νομοθετικό πλαίσιο);Investigar o local onde os crimes foram cometidos, realizar a observação e exploração de vestígios e objetos de prova, utilizando tecnologia científica moderna de equipamento e a aplicação de métodos científicos e técnicos.
Emails;Digital technology;emaily;sähköpostit;Μηνύματα ηλεκτρονικού ταχυδρομείου;Email / endereço eletrónico / correio eletrónico;noun;2;Emails are electronic mail messages that contain communication content, attachments, and metadata that can establish timelines, relationships, and intent in digital forensic investigations.;chaser;chaser/upomínající (email);ohjelmisto;ηλεκτρονικά μηνύματα υπενθύμισης;Software/ferramenta de rastreamento;locally;místně;paikallisesti;τοπικά;Localmente;The forensic unit shall have procedures for filtering or blocking phishing e-mails or messages before they reach users. (legislative);Forenzní jednotka musí mít postupy pro filtrování nebo blokování phishingových e-mailů nebo zpráv, než se dostanou k uživatelům. (legislativní);Kaikessa viranomaistoiminnassa on huomioitava riittävä suojautuminen esimerkiksi kalasteluviesteiltä. (lainsäädännöllinen);Η μονάδα εγκληματολογικής έρευνας θα πρέπει να εφαρμόζει διαδικασίες για το φιλτράρισμα ή τον αποκλεισμό μηνυμάτων ηλεκτρονικού ταχυδρομείου ή μηνυμάτων ηλεκτρονικού ψαρέματος, πριν αυτά φτάσουν στους χρήστες. (νομοθετικό πλαίσιο);A unidade forense deve dispor de procedimentos para filtrar ou bloquear emails ou mensagens de phishing antes de chegarem aos utilizadores.
Forensic methods;Digital forensics method;forenzní metody;Rikostekniset menetelmät;Εγκληματολογικές μέθοδοι;Métodos forenses;noun;1;Forensic methods are established scientific procedures and methodologies used to collect, preserve, analyse, and present digital evidence for use in legal proceedings.;N/A;N/A;ei saatavissa/ei käytettävissä;μη διαθέσιμο;N/A;N/A;N/A;ei saatavissa/ei käytettävissä;μη διαθέσιμο;N/A;A person’s movement can be restricted in order to prevent the person from obtaining information that shall be kept secret by virtue of the law, such as tactical, technical and forensic methods of the police, or in order to secure isolation of the scene or target of investigation (procedural/instructive);Pohyb osoby může být omezen, aby této bylo zabráněno získávat informace, které jsou ze zákona utajované, jako jsou taktické, technické a forenzní metody policie nebo, aby byla zajištěna izolace místa činu nebo předmětu vyšetřování (procesní/instruktivní).;Rikospaikka voidaan eristää rikospaikkatutkinnan turvaamiseksi. Henkilön ja/tai henkilöiden liikkumista voidaan rajoittaa tämän lisäksi myös lain mukaan salassa pidettävien tietojen suojaamiseksi, kuten poliisin taktiset, tekniset ja rikostekniset menetelmät. (menettely/ohje);Η μετακίνηση ενός ατόμου μπορεί να περιοριστεί προκειμένου να αποτραπεί η απόκτηση πληροφοριών που πρέπει να παραμείνουν απόρρητες βάσει του νόμου, όπως για παράδειγμα τακτικές, τεχνικές και εγκληματολογικές μέθοδοι της αστυνομίας. Το ίδιο θα συμβεί με σκοπό να εξασφαλιστεί η απομόνωση του τόπου ή του στόχου της έρευνας (διαδικαστικό/ανακριτικό πλαίσιο).;Pode ser imposta restrição à movimentação de uma pessoa com dois objetivos: (1) impedir o acesso a informação que deve ser mantida em segredo por lei – como métodos táticos, técnicos e forenses policiais – ou (2) garantir o isolamento do local do crime ou do alvo da investigação
Forensic techniques;Digital forensic method;forenzní techniky;Rikostekniset tekniikat, forensiset tekniikat;Εγκληματολογικές τεχνικές;Técnicas Forenses;noun;2;Forensic techniques are specific approaches and practices employed within forensic investigations to extract, recover, analyse and interpret digital evidence for use in legal proceedings.;accredited;akreditovaný;akkreditioitu, valtuutettu;πιστοποιημένες;Acreditado (Acreditação);revealed;odhalený;osoitettu, paljastettu;αποδεδειγμένος;Revelado;Users’ data and activity records are less likely to be held locally on devices, thus a device may not yield evidence, even if forensic techniques are used. (procedural/instructive);Údaje a záznamy o aktivitách uživatelů se méně často uchovávají lokálně na zařízeních, takže zařízení nemusí poskytnout důkazy ani při použití forenzních technik. (procesní/instruktivní);Rikostekniset tekniikat eivät välttämättä tuoda todisteita, koska käyttäjien data ja toimintaan liittyvät lokitiedot ovat yhä harvemmin paikallisilla laitteilla. (menettely/ohje);Τα δεδομένα και τα αρχεία της δραστηριότητας των χρηστών είναι απίθανο να αποθηκεύονται τοπικά στις συσκευές. Επομένως μια συσκευή ενδέχεται να μην παρέχει αποδεικτικά στοιχεία, ακόμη και αν εφαρμοστούν εγκληματολογικές τεχνικές. (διαδικαστικό/επιμορφωτικό πλαίσιο);Os dados e registos de atividade dos utilizadores têm menor probabilidade de estar armazenados localmente nos dispositivos, pelo que um dispositivo pode não fornecer prova, mesmo que sejam utilizadas técnicas forenses.
Connectivity;Digital technology or digital evidence;konektivita;yhteydet;Συνδεσιμότητα;Conectividade;noun;1;Connectivity refers to the state or capability of devices and systems to establish network connections, providing forensic evidence through connection logs, network traffic, and communication patterns. Enhanced connectivity, while offering opportunities, also presents risks and new vulnerabilities for individuals, communities and organisations.;enhanced;rozšířená;parannettu;ενισχυμένη;Melhorado;allowing;umožňující;sallien;επιτρέποντας-εξουσιοδοτώντας;Permitindo / autorizando;The pace of digital technological change and digital connectivity continues to accelerate and grow, now reaching into almost every part of daily life. (procedural/instructive).;Tempo digitálních technologických změn a digitální konektivity se stále zrychluje a roste a nyní zasahuje téměř do všech oblastí každodenního života. (procedurální/instruktivní).;Digitaalisen teknologian muutos ja kehitystahti laajentuvat kiihtyvästi ollen osa lähes jokaisen päivittäistä elämää. (menettely/ohje);Οι ρυθμοί της ψηφιακής τεχνολογικής αλλαγής και της ψηφιακής συνδεσιμότητας συνεχίζουν να επιταχύνονται και να αυξάνονται, αγγίζοντας πλέον, σχεδόν κάθε πτυχή της καθημερινής ζωής. (διαδικαστικό/επιμορφωτικό πλαίσιο).;O ritmo de mudança das tecnologias digitais e da conectividade continua a acelerar, penetrando agora em praticamente todas as dimensões do quotidiano.
Network forensics;Digital forensics method;forenzní zkoumání sítí;verkkoforensiikka;Εγκληματολογία δικτύων;Análise Forense de Redes;noun;2;Network forensics is a specialised branch of digital forensics focused on monitoring, capturing, and analysing network traffic and events to investigate security incidents, intrusions, and cybercrimes.;N/A;N/A;ei saatavissa/ei käytettävissä;μη διαθέσιμο;N/A;N/A;N/A;ei saatavissa/ei käytettävissä;μη διαθέσιμο;N/A;Network forensics and volatile data collection. (procedural/instructive);Forenzní zkoumání sítí a sběr volatilních/nestálých dat. (procedurální/instruktážní);Verkkoforensiikassa on myös huomioitava väliaikainen ja/tai nopeasti muuttuva ja/tai katoava data. (menettely/ohje);Εγκληματολογία δικτύων και συλλογή ευμετάβλητων δεδομένων. (διαδικαστικό/επιμορφωτικό πλαίσιο);Análise Forense de Redes e Recolha de Dados Voláteis
Cybercrime investigation;Digital forensics method;vyšetřování kyberkriminality/kyberzločinu;kyberrikostutkinta;Έρευνα για εγκλήματα στον κυβερνοχώρο;Investigação de Crimes Informáticos;noun;3;A cybercrime investigation refers to the process of examining, analysing, and prosecuting criminal offenses committed using computers, networks, digital devices, and the Internet, encompassing crimes such as hacking, fraud, data theft, malware distribution, online harassment, and other technology-facilitated offenses.;tactical;taktický;taktinen;στρατηγική;Tático;co-operates;spolupracuje;yhteiset operaatiot, yhteistyö;συμπράττει-συνεργασία;Opera em simultâneo;A new competency model will be required to enable the change in core activities to deliver the skills shifts needed to support cybercrime investigation in both specialist support areas and local policing. (procedural/instructive);Bude zapotřebí nový model kompetencí, který umožní změnu klíčových činností a zajistí posun dovedností potřebných k podpoře vyšetřování kyberkriminality jak v oblasti specializované podpory, tak v oblasti místní policejní činnosti. (procesní/instruktážní);Kyberrikosten tutkinta edellyttää uudenlaista osaamista, taitojen kehittämistä ja erikoistumista rikostutkinnassa. (menettely/ohje);Ένα νέο μοντέλο ικανοτήτων θα απαιτηθεί για να καταστεί δυνατή μια αλλαγή στις βασικές δραστηριότητες των ειδικών στον χώρο αυτό. Στόχος τους να επιτευχθούν οι  αναγκαίες τροποποιήσεις στις δεξιότητες που απαιτούνται με τη σειρά τους για την υποστήριξη των ερευνών, σε ένα ευρύτερο πλαίσιο εγκλημάτων στον κυβερνοχώρο. Οι αλλαγές αυτές θα αφορούν τόσο τους τομείς εξειδικευμένης υποστήριξης όσο και την τοπική αστυνόμευση. (διαδικαστικό/επιμορφωτικό πλαίσιο);Um novo modelo de competências será necessário para permitir a mudança nas atividades principais, de forma a promover as mudanças de competências necessárias para apoiar a investigação de crimes informáticos tanto em áreas de apoio especializado como no policiamento local
Website;Digital technology or digital evidence;webová stránka;Verkkosivu, verkkosivusto;Ιστότοπος;Website / Página Web;noun;2;A website is a collection of web pages accessible via the internet, which may contain relevant evidence including content, user interactions, server logs, and metadata important to investigations.;regulator's;regulátora;säätimet, säätölaitteet;ρυθμιστικές αρχές;Reguladores;visits;návštěvy;vierailee;επισκέψεις;Visitas;If there is a requirement to identify who has committed some activity on a website, for example where a fraud has been committed by purchasing goods from a website or by posting a message on a website, the likelihood is that the suspect may be traceable from logs on the site. (procedural/instructive);Pokud je třeba zjistit, kdo provedl určitou činnost na webových stránkách, například v případě podvodu spáchaného nákupem zboží z webových stránek nebo zveřejněním zprávy na webových stránkách, je pravděpodobné, že podezřelého lze vysledovat z protokolů na daných stránkách. (procesní/instruktivní);Epäiltyä rikosta on mahdollista pyrkiä selvittämään myös verkkosivuston lokitietojen avulla (menettely/ohje).;Εάν υπάρξει ένα αίτημα να προσδιοριστεί αυτός που έχει προβεί σε κάποια μη νόμιμη ενέργεια σε έναν ιστότοπο, για παράδειγμα σε περίπτωση απάτης που έχει διαπραχθεί με την αγορά αγαθών ή με την ανάρτηση ενός μηνύματος σε αυτόν, είναι πιθανόν ο ύποπτος να μπορεί να εντοπιστεί από τα αρχεία καταγραφής του στον ιστότοπο. (διαδικαστικό/επιμορφωτικό πλαίσιο);Quando é necessário identificar quem realizou determinada atividade num website – por exemplo, quando foi cometida uma fraude através da compra de produtos online ou da publicação de uma mensagem –, é provável que o suspeito possa ser identificado através dos registos (logs) do site
Router;Digital equipment;router;reititin;Δρομολογητής;Router / roteador / Encaminhador;noun;1;A router is a networking device that forwards information between computer networks. They are one of the bases for the functioning of the Internet network.;WIFI;WIFI;WIFI;δρομολογητές ασύρματης σύνδεσης-WiFi;WIFI / Redes sem fios / rede Wireless;communications;komunikace;viestinnät;επικοινωνίες;Comunicações;The modem may connect directly to a computer, or it may connect to a router. (procedural/instructive);Modem lze připojit přímo k počítači nebo k routeru. (procedurální/instruktážní);Modeemi voi olla yhteydessä suoraan tietokoneeseen tai se voi olla yhteydessä reitittimeen. (menettely/ohje);ο διαμορφωτής - αποδιαμορφωτής - μόντεμ μπορεί να συνδεθεί απευθείας σε έναν υπολογιστή ή σε έναν δρομολογητή. (διαδικαστικό/επιμορφωτικό πλαίσιο);O modem pode conectar-se diretamente a um computador, ou pode conectar-se a um router
Server;Digital equipment;server;palvelin;Διακομιστής;Servidor;noun;2;A server designates the central computer of a network and its corresponding software (among other network operating systems).;home;domovský;koti;οικιακός;Domicilio / casa;provider;poskytovatel;tarjoaja;πάροχος;Fornecedor;The laboratory should consider the location of the remote server, and be fully aware of the legal cross border constraints that may be a factor in accessing any data. (procedural/instructive);Laboratoř by měla zohlednit umístění vzdáleného serveru a být si plně vědoma právních přeshraničních omezení, která mohou mít vliv na přístup k jakýmkoli údajům. (procedurální/instruktážní);Datan saatavuudessa tulee huomioida myös mahdollisten etäpalvelimien sijainti ja miten mahdollinen rajat ylittävä sijainti vaikuttaa oikeudellisesti tietojen saatavuuteen. (menettely/ohje);Το εργαστήριο οφείλει να λάβει υπόψη την τοποθεσία του απομακρυσμένου διακομιστή και να είναι απολύτως ενημερωμένο για τους νομικούς διασυνοριακούς περιορισμούς που ενδέχεται να διαδραματίσουν σημαντικό ρόλο στην πρόσβαση σε οποιαδήποτε δεδομένα. (διαδικαστικό/επιμορφωτικό πλαίσιο);O laboratório deve considerar a localização do servidor remoto e estar plenamente consciente das restrições legais transfronteiriças que podem constituir um fator no acesso a quaisquer dados.
Storage space;Digital technology;prostor úložiště  ;Tallennustila;Αποθηκευτικός χώρος;Espaço de armazenamento;noun;1;Storage space refers to the capacity available on storage media for saving digital data, relevant to forensics for understanding data volume, available space for recovery, and evidence of data deletion or manipulation.;valuable;cenný;hyödyllinen, arvokas;πολύτιμος;Valioso;N/A;N/A;ei saatavissa/ei käytettävissä;μη διαθέσιμο;N/ A;If I knew what they wanted to query I could narrow not just the device down but the artefacts as well, meaning I’m not wasting valuable storage space or processing time. (research data);Kdybych věděl, co chtějí vyhledat, mohl bych zúžit nejen zařízení, ale i artefakty, což znamená, že bych neplýtval cenným prostorem úložiště ani časem na zpracování. (výzkumná data);Tutkinnan rajaaminen voi olla perustelua tallennustilan, prosessien keston tai etsittävien tietojen suhteen. (tutkimusaineisto);Αν ήξερα ποια στοιχεία ήθελαν να ερευνήσουν, θα μπορούσα να περιορίσω όχι μόνο τη συσκευή αλλά και τα αντικείμενα, γεγονός που σημαίνει ότι δεν θα σπαταλούσα πολύτιμο χώρο αποθήκευσης ή χρόνο επεξεργασίας. (δεδομένα έρευνας);Se eu soubesse o que eles queriam pesquisar, podia não só restringir o dispositivo mas também os artefactos, o que significa que não estaria a desperdiçar espaço de armazenamento valioso nem tempo de processamento.
Multimedia;Document format;multimédia;multimedia;Πολυμέσα;Multimedia / Suporte;noun;1;Multimedia is content that combines multiple forms of media including text, images, audio and video.;video;video;video;βίντεο;Vídeo;recovery;obnova;palauttaminen;ανάκτηση;Recuperação;Specialist video multimedia, recovery, processing and analysis (legislative);Specialista na multimediální videa, obnovu, zpracování a analýzu (legislativní);Multimediaan liittyvä taltiointi, käsittely ja analysointi edellyttävät erikoistumista. (lainsäädäntö);Ειδικός σε βίντεο πολυμέσων, εξειδίκευση στην ανάκτηση, επεξεργασία και ανάλυση δεδομένων (νομοθετικό πλαίσιο);Vídeo multimédia especializado, recuperação, processamento e análise
Removable;Digital equipment or digital evidence;vyjímatelný;irrotettava, poistettava;Αφαιρούμενο;Amovível;adjective;1;Removable refers to storage devices or media that can be easily disconnected from a computer system, such as USB drives and external hard drives, which are common sources of evidence in investigations.;easily;snadno;helposti;εύκολα;Facilmente;sim;SIM;SIM, SIM-kortti;κάρτα SIM (μονάδα ταυτότητας συνδρομητή);Sim;If a device does not have a removable battery, then its SIM card should be removed instead. (procedural/instructive);Pokud zařízení nemá vyměnitelnou baterii, je třeba místo toho vyjmout SIM kartu. (postup/pokyny);Irrotettavasta laitteesta tulee erikseen huomioida, onko siinä SIM-korttia ja/tai akkua. (menettely/ohje);Εάν μια συσκευή δεν διαθέτει αποσπώμενη μπαταρία, τότε θα πρέπει να αφαιρεθεί η κάρτα SIM. (διαδικαστικό/επιμορφωτικό πλαίσιο);Se o dispositivo não tiver bateria amovível, deve remover-se o cartão SIM em vez disso
Cryptocurrency;Digital evidence;kryptoměna;Kryptovaluutta, kryptovaluutat;Κρυπτονόμισμα;Criptomeda;noun;2;Cryptocurrency is a digital form of money that uses advanced security codes to protect transactions and track ownership, with all exchanges recorded on a shared public record that anyone can view but no single entity controls.;common;prozatimní;tilapäinen, määräaikainen;προσωρινή;Interino;blockchain;příkaz;järjestys;δικαστική εντολή;Ordem judicial / despacho judicial / mandado judicial;These are devices specifically designed to mine certain types of cryptocurrencies. (procedural/instructive);Záznam musí dostatečně uvádět účel zabavení nebo kopírování, vysvětlovat postup, který vedl k zabavení nebo kopírování, specifikovat předmět zabavení nebo kopírovaný dokument a informovat o právu předložit zabavení nebo kopírování k posouzení soudu. (legislativní);Takavarikkopöytäkirjassa on ilmoitettava takavarikoinnin ja/tai kopioinnin tarkoitus, selitettävä menettely, joka johti takavarikointiin ja/tai kopiointiin sekä yksilöitävä riittävästi takavarikoitu esine ja/tai kopioitu asiakirja. Lisäksi on annettava tieto oikeudesta saattaa takavarikointi ja/tai kopiointi tuomioistuimen käsiteltäväksi. (lainsäädäntö);Το αρχείο θα πρέπει να αναφέρει με τρόπο ικανοποιητικό τον σκοπό της κατάσχεσης ή της αναπαραγωγής, να εξηγεί τη διαδικασία που οδήγησε σε αυτές τις δύο δράσεις, να προσδιορίζει το αντικείμενο της κατάσχεσης ή το αναπαραγόμενο έγγραφο και να ενημερώνει για το δικαίωμα υποβολής στην κρίση του δικαστηρίου, της κατάσχεσης ή της αναπαραγωγής. (νομοθετικό πλαίσιο);O registo deve indicar suficientemente o propósito do confisco ou da cópia, explicar o procedimento que conduziu ao confisco ou à cópia, especificar o objeto do confisco ou o documento copiado e dar conhecimento do direito de submeter o confisco ou a cópia à apreciação do tribunal.
Confiscation;Legal or Financial Enforcement;;;;;noun;3;Confiscation is the act of taking possession of property, objects, or assets connected to criminal activity for a specified period (more common) or permanently, either as evidence or as punishment.;interim;;;;;order;;;;;The record shall sufficiently state the purpose of the confiscation or copying, explain the procedure that has led to the confiscation or copying, specify the object of the confiscation or the document copied and give notice of the right to submit the confiscation or copying to the consideration of the court. (legislative);;;;
Verification;Digital forensics method;ověření;Hyväksyntä, verifiointi;Επαλήθευση;Verificação;noun;3;Verification is a process of confirmation through assessment of evidence or testing that a method, tool, procedure, or item meets specified requirements, performs as intended, and is fit for its designated purpose.;inquiry;dotaz/dotazování;tutkimus, kysely;έρευνα;Investigação;confirmation;potvrzení;vahvistaminen;επιβεβαίωση;Confirmação;The forensic unit shall ensure that all personnel involved in the development and validation/verification of the method are informed of any agreed changes to the end-user requirements or specification so the correct version proceeds to the next stage. (legislative);Forenzní jednotka zajistí, aby všichni pracovníci podílející se na vývoji a validaci/ověřování metody byli informováni o všech dohodnutých změnách požadavků nebo specifikací konečného uživatele, aby se správná verze dostala do další fáze. (legislativní);Rikostekniikassa on varmistuttava kaikkien menetelmien ja työkalujen hyväksynnästä käyttötarkoituksessaan. Käyttäjillä tulee olla myös riittävä osaaminen ja tietoisuus mahdollisista sovituista muutoksista. (lainsäädäntö);Η εγκληματολογική μονάδα θα πρέπει να διασφαλίζει ότι όλο το προσωπικό που εμπλέκεται στην ανάπτυξη και την επικύρωση/επαλήθευση της μεθόδου, ενημερώνεται για τυχόν συμφωνημένες αλλαγές στις απαιτήσεις ή τις προδιαγραφές του τελικού χρήστη, ώστε η σωστή έκδοση να προχωρήσει στο επόμενο στάδιο. (νομοθετικό πλαίσιο);A unidade forense deve assegurar que todo o pessoal envolvido no desenvolvimento e validação/verificação do método seja informado de quaisquer alterações acordadas aos requisitos do utilizador final ou à especificação, de modo a que a versão correta prossiga para a fase seguinte
Username/usernames;Digital evidence;uživatelské jméno/jména;Käyttäjätunnus / käyttäjätunnukset;Όνομα χρήστη/ονόματα χρηστών;Username / usernames (Nome de utilizador);noun;1;A username is an identifier or account name used to authenticate and identify an individual user when accessing computer systems, online services, applications, or digital accounts.;chat;chat;chat;συνομιλία;Conversa;passwords;hesla;salasanat;κωδικοί πρόσβασης;Passwords / Palavras-passe / Senha;If possible, obtain the passwords and chat usernames used by the suspect. (procedural/instructive);Pokud je to možné, získejte hesla a uživatelská jména pro chat používaná podezřelým.  (procedurální/instruktážní);Epäillyn käyttämät salasanat ja keskustelujen käyttäjätunnukset edistävät rikosepäilyn selvittämistä. (menettely/ohje);Aποκτήστε, εάν είναι δυνατόν, τους κωδικούς πρόσβασης και τα ονόματα χρήστη που χρησιμοποιεί ο ύποπτος στις συνομιλίες.  (διαδικαστικό/επιμορφωτικό πλαίσιο);Se possível, obtenha as palavras-passe e os nomes de utilizador de chat usados pelo suspeito.
RAM;Digital technology;RAM;RAM-muisti;RAM Η μνήμη τυχαίας προσπέλασης;RAM;noun;1;RAM (Random Access Memory) is volatile computer memory that temporarily stores data, programs, and system information during active operation and loses all contents when power is removed.;N/A;N/A;RAM-muistitiedot on suositeltavaa tallentaa ensin riippumatta käytettävistä työkaluista. (menettely/ohje);μη διαθέσιμο;N/A;dump;záloha;dumppi, dumpata;αρχείο “dump” βάσης δεδομένων;Despejo;Regardless of the tools used, it is advisable to start with capturing the contents of RAM, the volatile memory. (procedural/instructive);Bez ohledu na použité nástroje, je vhodné začít se zachycením obsahu RAM, tedy volatilní paměti. (procedurální/instruktivní);RAM-muistitiedot on suositeltavaa tallentaa ensin riippumatta käytettävistä työkaluista. (menettely/ohje);Ανεξάρτητα από τα εργαλεία που χρησιμοποιούνται, είναι ενδεδειγμένο να ξεκινήσετε με τη λήψη του περιεχομένου της μνήμης RAM, της ευμετάβλητης μνήμης. (διαδικαστικό/επιμορφωτικό πλαίσιο);Independentemente das ferramentas usadas, recomenda-se iniciar pela captura do conteúdo da memória RAM (memória volátil).
